metric_family,scope,component,direction,scale,point_estimate,bootstrap_standard_error,simultaneous_bound,critical_value,valid_replicates,degenerate_replicates,status
ABSOLUTE_SS_dnn_median,THREE_PRIMARY_COMPONENTS,density_rate,upper,identity,nan,nan,nan,nan,0,10000,NOT_EVALUABLE
ABSOLUTE_SS_dnn_median,THREE_PRIMARY_COMPONENTS,pressure_gradient_acceleration,upper,identity,nan,nan,nan,nan,0,10000,NOT_EVALUABLE
ABSOLUTE_SS_dnn_median,THREE_PRIMARY_COMPONENTS,viscosity_laplacian_acceleration,upper,identity,nan,nan,nan,nan,0,10000,NOT_EVALUABLE
ABSOLUTE_SS_dnn_p90,THREE_PRIMARY_COMPONENTS,density_rate,upper,identity,nan,nan,nan,nan,0,10000,NOT_EVALUABLE
ABSOLUTE_SS_dnn_p90,THREE_PRIMARY_COMPONENTS,pressure_gradient_acceleration,upper,identity,nan,nan,nan,nan,0,10000,NOT_EVALUABLE
ABSOLUTE_SS_dnn_p90,THREE_PRIMARY_COMPONENTS,viscosity_laplacian_acceleration,upper,identity,nan,nan,nan,nan,0,10000,NOT_EVALUABLE
ABSOLUTE_SS_conditional_variance,THREE_PRIMARY_COMPONENTS,density_rate,upper,identity,0.1335533470297959,0.016842924254447136,0.16804152953617446,2.047636264663034,10000,0,EVALUABLE
ABSOLUTE_SS_conditional_variance,THREE_PRIMARY_COMPONENTS,pressure_gradient_acceleration,upper,identity,0.25958415712076527,0.021883510081200343,0.30439362596115016,2.047636264663034,10000,0,EVALUABLE
ABSOLUTE_SS_conditional_variance,THREE_PRIMARY_COMPONENTS,viscosity_laplacian_acceleration,upper,identity,0.43972436603630055,0.03654094614317983,0.5145469325041744,2.047636264663034,10000,0,EVALUABLE
ABSOLUTE_SS_oracle_nrmse,THREE_PRIMARY_COMPONENTS,density_rate,upper,identity,0.5443579845751914,0.08958435489269728,0.7775390788431951,2.6029220676680023,10000,0,EVALUABLE
ABSOLUTE_SS_oracle_nrmse,THREE_PRIMARY_COMPONENTS,pressure_gradient_acceleration,upper,identity,0.5144837221083783,0.06133321462507009,0.6741292999369911,2.6029220676680023,10000,0,EVALUABLE
ABSOLUTE_SS_oracle_nrmse,THREE_PRIMARY_COMPONENTS,viscosity_laplacian_acceleration,upper,identity,0.3998581651792514,0.04687020437662721,0.5218576544672837,2.6029220676680023,10000,0,EVALUABLE
ABSOLUTE_SS_improvement,THREE_PRIMARY_COMPONENTS,density_rate,lower,identity,0.3071233277222776,0.05230232683742767,0.1947109735345346,2.1492801751852544,10000,0,EVALUABLE
ABSOLUTE_SS_improvement,THREE_PRIMARY_COMPONENTS,pressure_gradient_acceleration,lower,identity,0.3406298429151333,0.03731591408124038,0.2604274885614071,2.1492801751852544,10000,0,EVALUABLE
ABSOLUTE_SS_improvement,THREE_PRIMARY_COMPONENTS,viscosity_laplacian_acceleration,lower,identity,0.5131448517350966,0.03393276207522715,0.44021383891753285,2.1492801751852544,10000,0,EVALUABLE
ABSOLUTE_SS_oracle_nrmse_family_F1,THREE_PRIMARY_COMPONENTS_WITHIN_F1,density_rate,upper,identity,0.8296178708957029,0.3152989966598768,1.5092684298861432,2.1555747598004604,10000,0,EVALUABLE
ABSOLUTE_SS_oracle_nrmse_family_F1,THREE_PRIMARY_COMPONENTS_WITHIN_F1,pressure_gradient_acceleration,upper,identity,0.6655572142045432,0.17302926450998019,1.038534729489094,2.1555747598004604,10000,0,EVALUABLE
ABSOLUTE_SS_oracle_nrmse_family_F1,THREE_PRIMARY_COMPONENTS_WITHIN_F1,viscosity_laplacian_acceleration,upper,identity,0.6039345687607245,0.17205184728905393,0.9748051881540525,2.1555747598004604,10000,0,EVALUABLE
ABSOLUTE_SS_oracle_nrmse_family_F2,THREE_PRIMARY_COMPONENTS_WITHIN_F2,density_rate,upper,identity,0.3962928235890811,0.08622383654793282,0.6133661979478429,2.5175564327630937,10000,0,EVALUABLE
ABSOLUTE_SS_oracle_nrmse_family_F2,THREE_PRIMARY_COMPONENTS_WITHIN_F2,pressure_gradient_acceleration,upper,identity,0.3680562596189825,0.06457352200277515,0.5306237453232382,2.5175564327630937,10000,0,EVALUABLE
ABSOLUTE_SS_oracle_nrmse_family_F2,THREE_PRIMARY_COMPONENTS_WITHIN_F2,viscosity_laplacian_acceleration,upper,identity,0.2976480474437118,0.04710572808044266,0.4162393761926193,2.5175564327630937,10000,0,EVALUABLE
ABSOLUTE_SS_oracle_nrmse_family_F3,THREE_PRIMARY_COMPONENTS_WITHIN_F3,density_rate,upper,identity,0.602623724884059,0.14407821186403735,0.9666758311637763,2.526767243774952,10000,0,EVALUABLE
ABSOLUTE_SS_oracle_nrmse_family_F3,THREE_PRIMARY_COMPONENTS_WITHIN_F3,pressure_gradient_acceleration,upper,identity,0.4236119564963287,0.07277406456771615,0.6074950790423973,2.526767243774952,10000,0,EVALUABLE
ABSOLUTE_SS_oracle_nrmse_family_F3,THREE_PRIMARY_COMPONENTS_WITHIN_F3,viscosity_laplacian_acceleration,upper,identity,0.29292118814297824,0.03375449998519209,0.37821095303556374,2.526767243774952,10000,0,EVALUABLE
ABSOLUTE_SS_oracle_nrmse_family_F4,THREE_PRIMARY_COMPONENTS_WITHIN_F4,density_rate,upper,identity,0.34889751893192233,0.03055452694648962,0.4127884374688597,2.091045907823413,10000,0,EVALUABLE
ABSOLUTE_SS_oracle_nrmse_family_F4,THREE_PRIMARY_COMPONENTS_WITHIN_F4,pressure_gradient_acceleration,upper,identity,0.600709458113659,0.14267010463026214,0.8990391965695068,2.091045907823413,10000,0,EVALUABLE
ABSOLUTE_SS_oracle_nrmse_family_F4,THREE_PRIMARY_COMPONENTS_WITHIN_F4,viscosity_laplacian_acceleration,upper,identity,0.4049288563695912,0.04537535635833414,0.4998108095987149,2.091045907823413,10000,0,EVALUABLE
ABSOLUTE_MS_dnn_median,THREE_PRIMARY_COMPONENTS,density_rate,upper,identity,nan,nan,nan,nan,0,10000,NOT_EVALUABLE
ABSOLUTE_MS_dnn_median,THREE_PRIMARY_COMPONENTS,pressure_gradient_acceleration,upper,identity,nan,nan,nan,nan,0,10000,NOT_EVALUABLE
ABSOLUTE_MS_dnn_median,THREE_PRIMARY_COMPONENTS,viscosity_laplacian_acceleration,upper,identity,nan,nan,nan,nan,0,10000,NOT_EVALUABLE
ABSOLUTE_MS_dnn_p90,THREE_PRIMARY_COMPONENTS,density_rate,upper,identity,nan,nan,nan,nan,0,10000,NOT_EVALUABLE
ABSOLUTE_MS_dnn_p90,THREE_PRIMARY_COMPONENTS,pressure_gradient_acceleration,upper,identity,nan,nan,nan,nan,0,10000,NOT_EVALUABLE
ABSOLUTE_MS_dnn_p90,THREE_PRIMARY_COMPONENTS,viscosity_laplacian_acceleration,upper,identity,nan,nan,nan,nan,0,10000,NOT_EVALUABLE
ABSOLUTE_MS_conditional_variance,THREE_PRIMARY_COMPONENTS,density_rate,upper,identity,0.012669872746366212,0.0019121894419717978,0.016546841950119226,2.027502672410527,10000,0,EVALUABLE
ABSOLUTE_MS_conditional_variance,THREE_PRIMARY_COMPONENTS,pressure_gradient_acceleration,upper,identity,0.2548361052339341,0.02263100723152698,0.30072053287519696,2.027502672410527,10000,0,EVALUABLE
ABSOLUTE_MS_conditional_variance,THREE_PRIMARY_COMPONENTS,viscosity_laplacian_acceleration,upper,identity,0.4063581988642743,0.03466113390957343,0.4766337404947136,2.027502672410527,10000,0,EVALUABLE
ABSOLUTE_MS_oracle_nrmse,THREE_PRIMARY_COMPONENTS,density_rate,upper,identity,0.8348141056293193,0.09499145259037266,1.0730567429271054,2.5080428901866463,10000,0,EVALUABLE
ABSOLUTE_MS_oracle_nrmse,THREE_PRIMARY_COMPONENTS,pressure_gradient_acceleration,upper,identity,0.2468183837246303,0.03809426019907847,0.3423604221738492,2.5080428901866463,10000,0,EVALUABLE
ABSOLUTE_MS_oracle_nrmse,THREE_PRIMARY_COMPONENTS,viscosity_laplacian_acceleration,upper,identity,0.168856906651598,0.021607082733585987,0.223048396879243,2.5080428901866463,10000,0,EVALUABLE
ABSOLUTE_MS_improvement,THREE_PRIMARY_COMPONENTS,density_rate,lower,identity,-0.06257873654657331,0.18619230289404606,-0.4304812714921617,1.9759277329253815,10000,0,EVALUABLE
ABSOLUTE_MS_improvement,THREE_PRIMARY_COMPONENTS,pressure_gradient_acceleration,lower,identity,0.6836738084132048,0.035501541971663664,0.6135253270697801,1.9759277329253815,10000,0,EVALUABLE
ABSOLUTE_MS_improvement,THREE_PRIMARY_COMPONENTS,viscosity_laplacian_acceleration,lower,identity,0.794404962853357,0.02101516853261609,0.7528805085376601,1.9759277329253815,10000,0,EVALUABLE
ABSOLUTE_MS_oracle_nrmse_family_F1,THREE_PRIMARY_COMPONENTS_WITHIN_F1,density_rate,upper,identity,0.5248864798086122,0.20744863073354186,0.9133623499705956,1.8726364632455084,10000,0,EVALUABLE
ABSOLUTE_MS_oracle_nrmse_family_F1,THREE_PRIMARY_COMPONENTS_WITHIN_F1,pressure_gradient_acceleration,upper,identity,0.27471976889692656,0.10165940758410993,0.4650908823708678,1.8726364632455084,10000,0,EVALUABLE
ABSOLUTE_MS_oracle_nrmse_family_F1,THREE_PRIMARY_COMPONENTS_WITHIN_F1,viscosity_laplacian_acceleration,upper,identity,0.19073495938969862,0.07481412062965175,0.3308346096464325,1.8726364632455084,10000,0,EVALUABLE
ABSOLUTE_MS_oracle_nrmse_family_F2,THREE_PRIMARY_COMPONENTS_WITHIN_F2,density_rate,upper,identity,0.2998389172054629,0.057783000600734866,0.4334161408717,2.311704519971542,10000,0,EVALUABLE
ABSOLUTE_MS_oracle_nrmse_family_F2,THREE_PRIMARY_COMPONENTS_WITHIN_F2,pressure_gradient_acceleration,upper,identity,0.17334538907641295,0.04094185172139212,0.26799085275675977,2.311704519971542,10000,0,EVALUABLE
ABSOLUTE_MS_oracle_nrmse_family_F2,THREE_PRIMARY_COMPONENTS_WITHIN_F2,viscosity_laplacian_acceleration,upper,identity,0.06651075404065908,0.010955311496899168,0.09183619714573708,2.311704519971542,10000,0,EVALUABLE
ABSOLUTE_MS_oracle_nrmse_family_F3,THREE_PRIMARY_COMPONENTS_WITHIN_F3,density_rate,upper,identity,0.3302094578159365,0.0700181070690445,0.5035724226195593,2.47597331691173,10000,0,EVALUABLE
ABSOLUTE_MS_oracle_nrmse_family_F3,THREE_PRIMARY_COMPONENTS_WITHIN_F3,pressure_gradient_acceleration,upper,identity,0.13836629064784112,0.024058439603037534,0.1979343451514945,2.47597331691173,10000,0,EVALUABLE
ABSOLUTE_MS_oracle_nrmse_family_F3,THREE_PRIMARY_COMPONENTS_WITHIN_F3,viscosity_laplacian_acceleration,upper,identity,0.06129813502993442,0.00794053776500995,0.08095869465802896,2.47597331691173,10000,0,EVALUABLE
ABSOLUTE_MS_oracle_nrmse_family_F4,THREE_PRIMARY_COMPONENTS_WITHIN_F4,density_rate,upper,identity,2.1843215676872654,0.3049559293224552,2.8375499028361686,2.1420417586247056,10000,0,EVALUABLE
ABSOLUTE_MS_oracle_nrmse_family_F4,THREE_PRIMARY_COMPONENTS_WITHIN_F4,pressure_gradient_acceleration,upper,identity,0.4008420862773405,0.10345399186278997,0.6224448569438572,2.1420417586247056,10000,0,EVALUABLE
ABSOLUTE_MS_oracle_nrmse_family_F4,THREE_PRIMARY_COMPONENTS_WITHIN_F4,viscosity_laplacian_acceleration,upper,identity,0.3568837781460998,0.04164207863992066,0.4460828495087437,2.1420417586247056,10000,0,EVALUABLE
PAIRED_dnn_p90_ratio,STABLE_PRIMARY_COMPONENT_SUBSET_WITH_UNSTABLE_COMPONENTS_NOT_EVALUABLE,density_rate,upper,log,nan,nan,nan,nan,0,10000,NOT_EVALUABLE_UNSTABLE_RATIO_NO_FROZEN_ABSOLUTE_DIFFERENCE_MARGIN
PAIRED_dnn_p90_ratio,STABLE_PRIMARY_COMPONENT_SUBSET_WITH_UNSTABLE_COMPONENTS_NOT_EVALUABLE,pressure_gradient_acceleration,upper,log,nan,nan,nan,nan,0,10000,NOT_EVALUABLE_UNSTABLE_RATIO_NO_FROZEN_ABSOLUTE_DIFFERENCE_MARGIN
PAIRED_dnn_p90_ratio,STABLE_PRIMARY_COMPONENT_SUBSET_WITH_UNSTABLE_COMPONENTS_NOT_EVALUABLE,viscosity_laplacian_acceleration,upper,log,nan,nan,nan,nan,0,10000,NOT_EVALUABLE_UNSTABLE_RATIO_NO_FROZEN_ABSOLUTE_DIFFERENCE_MARGIN
PAIRED_conditional_variance_ratio,THREE_PRIMARY_COMPONENTS,density_rate,upper,log,0.0948675044702515,0.11699246794799228,0.12322942322265598,2.2357560593741015,10000,0,EVALUABLE
PAIRED_conditional_variance_ratio,THREE_PRIMARY_COMPONENTS,pressure_gradient_acceleration,upper,log,0.9817090074390701,0.019837609767363817,1.0262298174308377,2.2357560593741015,10000,0,EVALUABLE
PAIRED_conditional_variance_ratio,THREE_PRIMARY_COMPONENTS,viscosity_laplacian_acceleration,upper,log,0.9241202677195474,0.06798730711482615,1.075827333245831,2.2357560593741015,10000,0,EVALUABLE
PAIRED_oracle_nrmse_ratio,THREE_PRIMARY_COMPONENTS,density_rate,upper,log,1.5335755684392056,0.16771607237916655,2.2494791908374703,2.2841981181831525,10000,0,EVALUABLE
PAIRED_oracle_nrmse_ratio,THREE_PRIMARY_COMPONENTS,pressure_gradient_acceleration,upper,log,0.47973992785069475,0.07320468744463905,0.5670560482614131,2.2841981181831525,10000,0,EVALUABLE
PAIRED_oracle_nrmse_ratio,THREE_PRIMARY_COMPONENTS,viscosity_laplacian_acceleration,upper,log,0.42229200590639826,0.06653741035306439,0.491608004145733,2.2841981181831525,10000,0,EVALUABLE
