arm,scope,scope_id,component,selected_oracle_nrmse,mean_target_baseline_nrmse,selected_oracle_mae,selected_oracle_bias,selected_oracle_angle_degrees,improvement_over_mean_target_baseline,selected_oracles_by_outer_fold,nested_selection_used_heldout_target
SS,OVERALL,ALL,density_rate,0.5443579845751914,0.7856491730132876,0.015015439586434115,3.749486630280041e-05,nan,0.3071233277222776,"{""0"": ""knn10"", ""1"": ""ridge"", ""2"": ""knn20"", ""3"": ""ridge"", ""4"": ""ridge"", ""5"": ""ridge""}",False
SS,FAMILY,F1,density_rate,0.8296178708957029,1.2266081575991332,0.017336690418962672,-0.00013144490227023998,nan,,"{""0"": ""knn10"", ""1"": ""ridge"", ""2"": ""knn20"", ""3"": ""ridge"", ""4"": ""ridge"", ""5"": ""ridge""}",False
SS,FAMILY,F2,density_rate,0.3962928235890811,0.6262691760612088,0.010124493221978751,0.00022806472999918758,nan,,"{""0"": ""knn10"", ""1"": ""ridge"", ""2"": ""knn20"", ""3"": ""ridge"", ""4"": ""ridge"", ""5"": ""ridge""}",False
SS,FAMILY,F3,density_rate,0.602623724884059,1.1068542477672112,0.012746928016465008,0.0002474619871373051,nan,,"{""0"": ""knn10"", ""1"": ""ridge"", ""2"": ""knn20"", ""3"": ""ridge"", ""4"": ""ridge"", ""5"": ""ridge""}",False
SS,FAMILY,F4,density_rate,0.34889751893192233,0.18286511062559754,0.01985364668833003,-0.00019410234965505107,nan,,"{""0"": ""knn10"", ""1"": ""ridge"", ""2"": ""knn20"", ""3"": ""ridge"", ""4"": ""ridge"", ""5"": ""ridge""}",False
SS,FOLD,FOLD_0,density_rate,0.30798598725498966,0.4382596110014494,0.0079675827064743,0.0005877997091160705,nan,,"{""0"": ""knn10"", ""1"": ""ridge"", ""2"": ""knn20"", ""3"": ""ridge"", ""4"": ""ridge"", ""5"": ""ridge""}",False
SS,FOLD,FOLD_1,density_rate,1.5616843944139616,2.3906855242551805,0.02626364630600656,-0.0005097210102808793,nan,,"{""0"": ""knn10"", ""1"": ""ridge"", ""2"": ""knn20"", ""3"": ""ridge"", ""4"": ""ridge"", ""5"": ""ridge""}",False
SS,FOLD,FOLD_2,density_rate,0.2606708125446727,0.2754608949933914,0.007156778185086104,-0.00012248807426313928,nan,,"{""0"": ""knn10"", ""1"": ""ridge"", ""2"": ""knn20"", ""3"": ""ridge"", ""4"": ""ridge"", ""5"": ""ridge""}",False
SS,FOLD,FOLD_3,density_rate,0.17308536969676833,0.2526000567574181,0.005638127687481281,-2.822209874287331e-05,nan,,"{""0"": ""knn10"", ""1"": ""ridge"", ""2"": ""knn20"", ""3"": ""ridge"", ""4"": ""ridge"", ""5"": ""ridge""}",False
SS,FOLD,FOLD_4,density_rate,0.6902141913080486,0.856782167772311,0.033188627004783505,0.000330776129926979,nan,,"{""0"": ""knn10"", ""1"": ""ridge"", ""2"": ""knn20"", ""3"": ""ridge"", ""4"": ""ridge"", ""5"": ""ridge""}",False
SS,FOLD,FOLD_5,density_rate,0.27250715223270716,0.5001067832999755,0.009877875628772934,-3.3175457939355246e-05,nan,,"{""0"": ""knn10"", ""1"": ""ridge"", ""2"": ""knn20"", ""3"": ""ridge"", ""4"": ""ridge"", ""5"": ""ridge""}",False
SS,OVERALL,ALL,pressure_gradient_acceleration,0.5144837221083783,0.7802654041592602,0.25507971440627175,0.02630957149938352,15.495749010649124,0.3406298429151333,"{""0"": ""ridge"", ""1"": ""ridge"", ""2"": ""ridge"", ""3"": ""ridge"", ""4"": ""ridge"", ""5"": ""ridge""}",False
SS,FAMILY,F1,pressure_gradient_acceleration,0.6655572142045432,1.1408373645131118,0.24962638181185026,0.027643686753320917,6.4967057891511715,,"{""0"": ""ridge"", ""1"": ""ridge"", ""2"": ""ridge"", ""3"": ""ridge"", ""4"": ""ridge"", ""5"": ""ridge""}",False
SS,FAMILY,F2,pressure_gradient_acceleration,0.3680562596189825,0.596674130913082,0.17892075130320836,0.01856395477505782,21.68576144196255,,"{""0"": ""ridge"", ""1"": ""ridge"", ""2"": ""ridge"", ""3"": ""ridge"", ""4"": ""ridge"", ""5"": ""ridge""}",False
SS,FAMILY,F3,pressure_gradient_acceleration,0.4236119564963287,0.802977711528798,0.18453955350134907,0.016891123730604963,6.25384112985363,,"{""0"": ""ridge"", ""1"": ""ridge"", ""2"": ""ridge"", ""3"": ""ridge"", ""4"": ""ridge"", ""5"": ""ridge""}",False
SS,FAMILY,F4,pressure_gradient_acceleration,0.600709458113659,0.5805724096820485,0.4072321710086792,0.042139520738550394,39.59762635260918,,"{""0"": ""ridge"", ""1"": ""ridge"", ""2"": ""ridge"", ""3"": ""ridge"", ""4"": ""ridge"", ""5"": ""ridge""}",False
SS,FOLD,FOLD_0,pressure_gradient_acceleration,0.8118346567143595,1.172990171287251,0.43549829000381646,0.04104670318932512,17.691246698243596,,"{""0"": ""ridge"", ""1"": ""ridge"", ""2"": ""ridge"", ""3"": ""ridge"", ""4"": ""ridge"", ""5"": ""ridge""}",False
SS,FOLD,FOLD_1,pressure_gradient_acceleration,0.21890607233815756,0.2387652252186334,0.09763438125562349,0.014869653349163327,15.06096103372568,,"{""0"": ""ridge"", ""1"": ""ridge"", ""2"": ""ridge"", ""3"": ""ridge"", ""4"": ""ridge"", ""5"": ""ridge""}",False
SS,FOLD,FOLD_2,pressure_gradient_acceleration,0.561642861274178,0.6880685143313824,0.37346385029759976,0.0316483120395537,23.390830831655634,,"{""0"": ""ridge"", ""1"": ""ridge"", ""2"": ""ridge"", ""3"": ""ridge"", ""4"": ""ridge"", ""5"": ""ridge""}",False
SS,FOLD,FOLD_3,pressure_gradient_acceleration,0.7348810770964403,1.1755569148273204,0.2960147494068325,0.0294442108143313,13.606069833422037,,"{""0"": ""ridge"", ""1"": ""ridge"", ""2"": ""ridge"", ""3"": ""ridge"", ""4"": ""ridge"", ""5"": ""ridge""}",False
SS,FOLD,FOLD_4,pressure_gradient_acceleration,0.3901862736193854,0.765042006393601,0.1507945135663124,0.020054741068673228,9.873092999892645,,"{""0"": ""ridge"", ""1"": ""ridge"", ""2"": ""ridge"", ""3"": ""ridge"", ""4"": ""ridge"", ""5"": ""ridge""}",False
SS,FOLD,FOLD_5,pressure_gradient_acceleration,0.36945139160774904,0.641169592897372,0.1770725019074459,0.02079380853525447,10.618659223163874,,"{""0"": ""ridge"", ""1"": ""ridge"", ""2"": ""ridge"", ""3"": ""ridge"", ""4"": ""ridge"", ""5"": ""ridge""}",False
SS,OVERALL,ALL,viscosity_laplacian_acceleration,0.3998581651792514,0.821308281537744,0.001999695369916716,0.00017455043399018777,10.184131454285117,0.5131448517350966,"{""0"": ""ridge"", ""1"": ""ridge"", ""2"": ""ridge"", ""3"": ""ridge"", ""4"": ""ridge"", ""5"": ""ridge""}",False
SS,FAMILY,F1,viscosity_laplacian_acceleration,0.6039345687607245,1.2785781544643389,0.0023085199653412112,0.00018950171515663475,2.5004636066583257,,"{""0"": ""ridge"", ""1"": ""ridge"", ""2"": ""ridge"", ""3"": ""ridge"", ""4"": ""ridge"", ""5"": ""ridge""}",False
SS,FAMILY,F2,viscosity_laplacian_acceleration,0.2976480474437118,0.6834923586896943,0.0015521410870786491,0.0001247636112880678,12.464149989470199,,"{""0"": ""ridge"", ""1"": ""ridge"", ""2"": ""ridge"", ""3"": ""ridge"", ""4"": ""ridge"", ""5"": ""ridge""}",False
SS,FAMILY,F3,viscosity_laplacian_acceleration,0.29292118814297824,0.8539830510234113,0.0015492808337922946,0.00012695565586105125,2.6542933404441063,,"{""0"": ""ridge"", ""1"": ""ridge"", ""2"": ""ridge"", ""3"": ""ridge"", ""4"": ""ridge"", ""5"": ""ridge""}",False
SS,FAMILY,F4,viscosity_laplacian_acceleration,0.4049288563695912,0.4691795619735311,0.0025888395934547084,0.0002569807536549973,36.05110630685055,,"{""0"": ""ridge"", ""1"": ""ridge"", ""2"": ""ridge"", ""3"": ""ridge"", ""4"": ""ridge"", ""5"": ""ridge""}",False
SS,FOLD,FOLD_0,viscosity_laplacian_acceleration,0.18366195317078315,0.41717050860245236,0.0010916304365945094,0.00012112043683414121,6.062341139712729,,"{""0"": ""ridge"", ""1"": ""ridge"", ""2"": ""ridge"", ""3"": ""ridge"", ""4"": ""ridge"", ""5"": ""ridge""}",False
SS,FOLD,FOLD_1,viscosity_laplacian_acceleration,0.9413363383337425,1.9065285589460714,0.0035481738002167253,0.0002118876955173004,10.65425533323497,,"{""0"": ""ridge"", ""1"": ""ridge"", ""2"": ""ridge"", ""3"": ""ridge"", ""4"": ""ridge"", ""5"": ""ridge""}",False
SS,FOLD,FOLD_2,viscosity_laplacian_acceleration,0.29001318434680795,0.7354466505576545,0.0013017834201846917,0.00013424844696091108,6.434602336313724,,"{""0"": ""ridge"", ""1"": ""ridge"", ""2"": ""ridge"", ""3"": ""ridge"", ""4"": ""ridge"", ""5"": ""ridge""}",False
SS,FOLD,FOLD_3,viscosity_laplacian_acceleration,0.17527092924516482,0.40510855723168204,0.001033679376960579,0.00011135041935104091,6.318660490711701,,"{""0"": ""ridge"", ""1"": ""ridge"", ""2"": ""ridge"", ""3"": ""ridge"", ""4"": ""ridge"", ""5"": ""ridge""}",False
SS,FOLD,FOLD_4,viscosity_laplacian_acceleration,0.4306652678354129,0.677719199250472,0.0029900637358900063,0.0002780730231874523,16.885315709721798,,"{""0"": ""ridge"", ""1"": ""ridge"", ""2"": ""ridge"", ""3"": ""ridge"", ""4"": ""ridge"", ""5"": ""ridge""}",False
SS,FOLD,FOLD_5,viscosity_laplacian_acceleration,0.37820131814359703,0.7858762146381318,0.0020328414496537826,0.0001906225820902808,11.815416116986473,,"{""0"": ""ridge"", ""1"": ""ridge"", ""2"": ""ridge"", ""3"": ""ridge"", ""4"": ""ridge"", ""5"": ""ridge""}",False
