metric_family,component,direction,scale,point_estimate,bootstrap_standard_error,simultaneous_bound,critical_value,valid_replicates,degenerate_replicates,status,multiplicity_scope
ABSOLUTE_SS_CANDIDATE_C,density_rate,upper,identity,0.35538256273660795,0.05003382496998573,0.4654482357165773,2.199825279118586,10000,0,EVALUABLE,THREE_PRIMARY_COMPONENTS_WITHIN_EACH_METRIC_FAMILY
ABSOLUTE_SS_CANDIDATE_C,pressure_gradient_acceleration,upper,identity,0.4755998398834187,0.04851532924274228,0.5823250875763644,2.199825279118586,10000,0,EVALUABLE,THREE_PRIMARY_COMPONENTS_WITHIN_EACH_METRIC_FAMILY
ABSOLUTE_SS_CANDIDATE_C,viscosity_laplacian_acceleration,upper,identity,0.7505561826142402,0.055546600707292136,0.8727489990192477,2.199825279118586,10000,0,EVALUABLE,THREE_PRIMARY_COMPONENTS_WITHIN_EACH_METRIC_FAMILY
ABSOLUTE_MS_CANDIDATE_C,density_rate,upper,identity,0.07164079087190546,0.030788804617882606,0.1369457535656679,2.121061973800449,10000,0,EVALUABLE,THREE_PRIMARY_COMPONENTS_WITHIN_EACH_METRIC_FAMILY
ABSOLUTE_MS_CANDIDATE_C,pressure_gradient_acceleration,upper,identity,0.47138674670724573,0.0553200699994721,0.588724043571105,2.121061973800449,10000,0,EVALUABLE,THREE_PRIMARY_COMPONENTS_WITHIN_EACH_METRIC_FAMILY
ABSOLUTE_MS_CANDIDATE_C,viscosity_laplacian_acceleration,upper,identity,0.7345828529184237,0.06527341739822347,0.8730318164618002,2.121061973800449,10000,0,EVALUABLE,THREE_PRIMARY_COMPONENTS_WITHIN_EACH_METRIC_FAMILY
PAIRED_CANDIDATE_C_RATIO,density_rate,upper,log,0.20158780532235085,0.4034920274219001,0.5310622134968933,2.4006772539404087,10000,0,EVALUABLE,THREE_PRIMARY_COMPONENTS_WITHIN_EACH_METRIC_FAMILY
PAIRED_CANDIDATE_C_RATIO,pressure_gradient_acceleration,upper,log,0.9911415168322897,0.050577959640001974,1.1190984485031945,2.4006772539404087,10000,0,EVALUABLE,THREE_PRIMARY_COMPONENTS_WITHIN_EACH_METRIC_FAMILY
PAIRED_CANDIDATE_C_RATIO,viscosity_laplacian_acceleration,upper,log,0.9787180093032074,0.05234151105835293,1.109759535937187,2.4006772539404087,10000,0,EVALUABLE,THREE_PRIMARY_COMPONENTS_WITHIN_EACH_METRIC_FAMILY
