arm,component,scope,scope_id,oracle_nrmse,mean_baseline_nrmse,improvement_over_mean_baseline,oracle_status,oracle_evaluable,oracle_not_evaluable_mechanism,mean_baseline_status,mean_baseline_evaluable,mean_baseline_not_evaluable_mechanism,improvement_status,improvement_evaluable,improvement_not_evaluable_mechanism,selected_oracles_by_outer_fold
SS,density_rate,OVERALL,ALL,0.5403789915781142,0.8498346514952893,0.3641363168384414,EVALUABLE,True,,EVALUABLE,True,,EVALUABLE,True,,"{""0"": ""ridge"", ""1"": ""ridge"", ""2"": ""ridge"", ""3"": ""ridge"", ""4"": ""ridge"", ""5"": ""ridge""}"
SS,density_rate,FAMILY,F1,0.8305947483097608,1.3038606956628027,,EVALUABLE,True,,EVALUABLE,True,,NOT_APPLICABLE_NON_OVERALL_SCOPE,False,NOT_APPLICABLE_NON_OVERALL_SCOPE,"{""0"": ""ridge"", ""1"": ""ridge"", ""2"": ""ridge"", ""3"": ""ridge"", ""4"": ""ridge"", ""5"": ""ridge""}"
SS,density_rate,FAMILY,F2,0.354211384472167,0.6821725580707111,,EVALUABLE,True,,EVALUABLE,True,,NOT_APPLICABLE_NON_OVERALL_SCOPE,False,NOT_APPLICABLE_NON_OVERALL_SCOPE,"{""0"": ""ridge"", ""1"": ""ridge"", ""2"": ""ridge"", ""3"": ""ridge"", ""4"": ""ridge"", ""5"": ""ridge""}"
SS,density_rate,FAMILY,F3,0.40025942431722017,0.8247934723061844,,EVALUABLE,True,,EVALUABLE,True,,NOT_APPLICABLE_NON_OVERALL_SCOPE,False,NOT_APPLICABLE_NON_OVERALL_SCOPE,"{""0"": ""ridge"", ""1"": ""ridge"", ""2"": ""ridge"", ""3"": ""ridge"", ""4"": ""ridge"", ""5"": ""ridge""}"
SS,density_rate,FAMILY,F4,0.5764504092133088,0.5885118799414591,,EVALUABLE,True,,EVALUABLE,True,,NOT_APPLICABLE_NON_OVERALL_SCOPE,False,NOT_APPLICABLE_NON_OVERALL_SCOPE,"{""0"": ""ridge"", ""1"": ""ridge"", ""2"": ""ridge"", ""3"": ""ridge"", ""4"": ""ridge"", ""5"": ""ridge""}"
SS,density_rate,FOLD,FOLD_0,0.33953382513874636,0.47905376716277825,,EVALUABLE,True,,EVALUABLE,True,,NOT_APPLICABLE_NON_OVERALL_SCOPE,False,NOT_APPLICABLE_NON_OVERALL_SCOPE,"{""0"": ""ridge"", ""1"": ""ridge"", ""2"": ""ridge"", ""3"": ""ridge"", ""4"": ""ridge"", ""5"": ""ridge""}"
SS,density_rate,FOLD,FOLD_1,0.4718033513957548,0.86283445396436,,EVALUABLE,True,,EVALUABLE,True,,NOT_APPLICABLE_NON_OVERALL_SCOPE,False,NOT_APPLICABLE_NON_OVERALL_SCOPE,"{""0"": ""ridge"", ""1"": ""ridge"", ""2"": ""ridge"", ""3"": ""ridge"", ""4"": ""ridge"", ""5"": ""ridge""}"
SS,density_rate,FOLD,FOLD_2,0.30144878454482993,0.7858102252291126,,EVALUABLE,True,,EVALUABLE,True,,NOT_APPLICABLE_NON_OVERALL_SCOPE,False,NOT_APPLICABLE_NON_OVERALL_SCOPE,"{""0"": ""ridge"", ""1"": ""ridge"", ""2"": ""ridge"", ""3"": ""ridge"", ""4"": ""ridge"", ""5"": ""ridge""}"
SS,density_rate,FOLD,FOLD_3,1.4288885188686118,2.1864000293124324,,EVALUABLE,True,,EVALUABLE,True,,NOT_APPLICABLE_NON_OVERALL_SCOPE,False,NOT_APPLICABLE_NON_OVERALL_SCOPE,"{""0"": ""ridge"", ""1"": ""ridge"", ""2"": ""ridge"", ""3"": ""ridge"", ""4"": ""ridge"", ""5"": ""ridge""}"
SS,density_rate,FOLD,FOLD_4,0.4926930448460556,0.5346931119870896,,EVALUABLE,True,,EVALUABLE,True,,NOT_APPLICABLE_NON_OVERALL_SCOPE,False,NOT_APPLICABLE_NON_OVERALL_SCOPE,"{""0"": ""ridge"", ""1"": ""ridge"", ""2"": ""ridge"", ""3"": ""ridge"", ""4"": ""ridge"", ""5"": ""ridge""}"
SS,density_rate,FOLD,FOLD_5,0.2079064246746864,0.2502163213159631,,EVALUABLE,True,,EVALUABLE,True,,NOT_APPLICABLE_NON_OVERALL_SCOPE,False,NOT_APPLICABLE_NON_OVERALL_SCOPE,"{""0"": ""ridge"", ""1"": ""ridge"", ""2"": ""ridge"", ""3"": ""ridge"", ""4"": ""ridge"", ""5"": ""ridge""}"
SS,pressure_gradient_acceleration,OVERALL,ALL,0.5078842499200736,0.8077751670606422,0.3712554301858785,EVALUABLE,True,,EVALUABLE,True,,EVALUABLE,True,,"{""0"": ""ridge"", ""1"": ""ridge"", ""2"": ""ridge"", ""3"": ""ridge"", ""4"": ""ridge"", ""5"": ""ridge""}"
SS,pressure_gradient_acceleration,FAMILY,F1,0.7718723809576661,1.2001574270435635,,EVALUABLE,True,,EVALUABLE,True,,NOT_APPLICABLE_NON_OVERALL_SCOPE,False,NOT_APPLICABLE_NON_OVERALL_SCOPE,"{""0"": ""ridge"", ""1"": ""ridge"", ""2"": ""ridge"", ""3"": ""ridge"", ""4"": ""ridge"", ""5"": ""ridge""}"
SS,pressure_gradient_acceleration,FAMILY,F2,0.3138795870160704,0.5070781180020737,,EVALUABLE,True,,EVALUABLE,True,,NOT_APPLICABLE_NON_OVERALL_SCOPE,False,NOT_APPLICABLE_NON_OVERALL_SCOPE,"{""0"": ""ridge"", ""1"": ""ridge"", ""2"": ""ridge"", ""3"": ""ridge"", ""4"": ""ridge"", ""5"": ""ridge""}"
SS,pressure_gradient_acceleration,FAMILY,F3,0.3620269192457965,0.8056185275113821,,EVALUABLE,True,,EVALUABLE,True,,NOT_APPLICABLE_NON_OVERALL_SCOPE,False,NOT_APPLICABLE_NON_OVERALL_SCOPE,"{""0"": ""ridge"", ""1"": ""ridge"", ""2"": ""ridge"", ""3"": ""ridge"", ""4"": ""ridge"", ""5"": ""ridge""}"
SS,pressure_gradient_acceleration,FAMILY,F4,0.5837581124607617,0.7182465956855496,,EVALUABLE,True,,EVALUABLE,True,,NOT_APPLICABLE_NON_OVERALL_SCOPE,False,NOT_APPLICABLE_NON_OVERALL_SCOPE,"{""0"": ""ridge"", ""1"": ""ridge"", ""2"": ""ridge"", ""3"": ""ridge"", ""4"": ""ridge"", ""5"": ""ridge""}"
SS,pressure_gradient_acceleration,FOLD,FOLD_0,0.43276825507723016,0.5103511130302729,,EVALUABLE,True,,EVALUABLE,True,,NOT_APPLICABLE_NON_OVERALL_SCOPE,False,NOT_APPLICABLE_NON_OVERALL_SCOPE,"{""0"": ""ridge"", ""1"": ""ridge"", ""2"": ""ridge"", ""3"": ""ridge"", ""4"": ""ridge"", ""5"": ""ridge""}"
SS,pressure_gradient_acceleration,FOLD,FOLD_1,1.3050888254138744,2.0265014661217853,,EVALUABLE,True,,EVALUABLE,True,,NOT_APPLICABLE_NON_OVERALL_SCOPE,False,NOT_APPLICABLE_NON_OVERALL_SCOPE,"{""0"": ""ridge"", ""1"": ""ridge"", ""2"": ""ridge"", ""3"": ""ridge"", ""4"": ""ridge"", ""5"": ""ridge""}"
SS,pressure_gradient_acceleration,FOLD,FOLD_2,0.3124430543786,0.4817525012588801,,EVALUABLE,True,,EVALUABLE,True,,NOT_APPLICABLE_NON_OVERALL_SCOPE,False,NOT_APPLICABLE_NON_OVERALL_SCOPE,"{""0"": ""ridge"", ""1"": ""ridge"", ""2"": ""ridge"", ""3"": ""ridge"", ""4"": ""ridge"", ""5"": ""ridge""}"
SS,pressure_gradient_acceleration,FOLD,FOLD_3,0.231149559171463,0.5571040065086921,,EVALUABLE,True,,EVALUABLE,True,,NOT_APPLICABLE_NON_OVERALL_SCOPE,False,NOT_APPLICABLE_NON_OVERALL_SCOPE,"{""0"": ""ridge"", ""1"": ""ridge"", ""2"": ""ridge"", ""3"": ""ridge"", ""4"": ""ridge"", ""5"": ""ridge""}"
SS,pressure_gradient_acceleration,FOLD,FOLD_4,0.31361475667397354,0.5292692583015801,,EVALUABLE,True,,EVALUABLE,True,,NOT_APPLICABLE_NON_OVERALL_SCOPE,False,NOT_APPLICABLE_NON_OVERALL_SCOPE,"{""0"": ""ridge"", ""1"": ""ridge"", ""2"": ""ridge"", ""3"": ""ridge"", ""4"": ""ridge"", ""5"": ""ridge""}"
SS,pressure_gradient_acceleration,FOLD,FOLD_5,0.4522410488053012,0.741672657142643,,EVALUABLE,True,,EVALUABLE,True,,NOT_APPLICABLE_NON_OVERALL_SCOPE,False,NOT_APPLICABLE_NON_OVERALL_SCOPE,"{""0"": ""ridge"", ""1"": ""ridge"", ""2"": ""ridge"", ""3"": ""ridge"", ""4"": ""ridge"", ""5"": ""ridge""}"
SS,viscosity_laplacian_acceleration,OVERALL,ALL,0.4671398530431645,0.8897573782136127,0.4749806357537012,EVALUABLE,True,,EVALUABLE,True,,EVALUABLE,True,,"{""0"": ""ridge"", ""1"": ""ridge"", ""2"": ""ridge"", ""3"": ""ridge"", ""4"": ""ridge"", ""5"": ""ridge""}"
SS,viscosity_laplacian_acceleration,FAMILY,F1,0.6933343029739295,1.3589053560427524,,EVALUABLE,True,,EVALUABLE,True,,NOT_APPLICABLE_NON_OVERALL_SCOPE,False,NOT_APPLICABLE_NON_OVERALL_SCOPE,"{""0"": ""ridge"", ""1"": ""ridge"", ""2"": ""ridge"", ""3"": ""ridge"", ""4"": ""ridge"", ""5"": ""ridge""}"
SS,viscosity_laplacian_acceleration,FAMILY,F2,0.31000130028518585,0.66585034040847,,EVALUABLE,True,,EVALUABLE,True,,NOT_APPLICABLE_NON_OVERALL_SCOPE,False,NOT_APPLICABLE_NON_OVERALL_SCOPE,"{""0"": ""ridge"", ""1"": ""ridge"", ""2"": ""ridge"", ""3"": ""ridge"", ""4"": ""ridge"", ""5"": ""ridge""}"
SS,viscosity_laplacian_acceleration,FAMILY,F3,0.256017096836535,0.7753527801768088,,EVALUABLE,True,,EVALUABLE,True,,NOT_APPLICABLE_NON_OVERALL_SCOPE,False,NOT_APPLICABLE_NON_OVERALL_SCOPE,"{""0"": ""ridge"", ""1"": ""ridge"", ""2"": ""ridge"", ""3"": ""ridge"", ""4"": ""ridge"", ""5"": ""ridge""}"
SS,viscosity_laplacian_acceleration,FAMILY,F4,0.6092067120770079,0.758921036226419,,EVALUABLE,True,,EVALUABLE,True,,NOT_APPLICABLE_NON_OVERALL_SCOPE,False,NOT_APPLICABLE_NON_OVERALL_SCOPE,"{""0"": ""ridge"", ""1"": ""ridge"", ""2"": ""ridge"", ""3"": ""ridge"", ""4"": ""ridge"", ""5"": ""ridge""}"
SS,viscosity_laplacian_acceleration,FOLD,FOLD_0,0.4864150676718254,0.7869588351114977,,EVALUABLE,True,,EVALUABLE,True,,NOT_APPLICABLE_NON_OVERALL_SCOPE,False,NOT_APPLICABLE_NON_OVERALL_SCOPE,"{""0"": ""ridge"", ""1"": ""ridge"", ""2"": ""ridge"", ""3"": ""ridge"", ""4"": ""ridge"", ""5"": ""ridge""}"
SS,viscosity_laplacian_acceleration,FOLD,FOLD_1,0.2688153393230976,0.6512804080551958,,EVALUABLE,True,,EVALUABLE,True,,NOT_APPLICABLE_NON_OVERALL_SCOPE,False,NOT_APPLICABLE_NON_OVERALL_SCOPE,"{""0"": ""ridge"", ""1"": ""ridge"", ""2"": ""ridge"", ""3"": ""ridge"", ""4"": ""ridge"", ""5"": ""ridge""}"
SS,viscosity_laplacian_acceleration,FOLD,FOLD_2,0.2476141085165635,0.5958333072333089,,EVALUABLE,True,,EVALUABLE,True,,NOT_APPLICABLE_NON_OVERALL_SCOPE,False,NOT_APPLICABLE_NON_OVERALL_SCOPE,"{""0"": ""ridge"", ""1"": ""ridge"", ""2"": ""ridge"", ""3"": ""ridge"", ""4"": ""ridge"", ""5"": ""ridge""}"
SS,viscosity_laplacian_acceleration,FOLD,FOLD_3,0.8910969285310828,1.8705475427628695,,EVALUABLE,True,,EVALUABLE,True,,NOT_APPLICABLE_NON_OVERALL_SCOPE,False,NOT_APPLICABLE_NON_OVERALL_SCOPE,"{""0"": ""ridge"", ""1"": ""ridge"", ""2"": ""ridge"", ""3"": ""ridge"", ""4"": ""ridge"", ""5"": ""ridge""}"
SS,viscosity_laplacian_acceleration,FOLD,FOLD_4,0.7078537808393528,1.038014562423379,,EVALUABLE,True,,EVALUABLE,True,,NOT_APPLICABLE_NON_OVERALL_SCOPE,False,NOT_APPLICABLE_NON_OVERALL_SCOPE,"{""0"": ""ridge"", ""1"": ""ridge"", ""2"": ""ridge"", ""3"": ""ridge"", ""4"": ""ridge"", ""5"": ""ridge""}"
SS,viscosity_laplacian_acceleration,FOLD,FOLD_5,0.2010438933770651,0.39590961369542466,,EVALUABLE,True,,EVALUABLE,True,,NOT_APPLICABLE_NON_OVERALL_SCOPE,False,NOT_APPLICABLE_NON_OVERALL_SCOPE,"{""0"": ""ridge"", ""1"": ""ridge"", ""2"": ""ridge"", ""3"": ""ridge"", ""4"": ""ridge"", ""5"": ""ridge""}"
