evidence_class,record_type,arm,candidate_id,scope_type,scope_id,diagnostic_only,hubness_occurrence_skew,k,neighbour_occurrence_gini,neighbour_occurrence_maximum,query_count,zero_occurrence_fraction
EXPLORATORY_CONSUMED_DIAGNOSTIC_ONLY,OBSERVABLE_GEOMETRY_SUMMARY,SS,U0,OVERALL,ALL,True,1.631850782075731,10,0.41017624851730133,85,49152,0.07069905598958333
EXPLORATORY_CONSUMED_DIAGNOSTIC_ONLY,OBSERVABLE_GEOMETRY_SUMMARY,SS,U0,FOLD,FOLD_0,True,3.643781530632458,10,0.7417703036879495,64,9472,0.5394153225806452
EXPLORATORY_CONSUMED_DIAGNOSTIC_ONLY,OBSERVABLE_GEOMETRY_SUMMARY,SS,U0,FOLD,FOLD_1,True,4.322172005274629,10,0.7756506375424747,64,8960,0.5674512340764332
EXPLORATORY_CONSUMED_DIAGNOSTIC_ONLY,OBSERVABLE_GEOMETRY_SUMMARY,SS,U0,FOLD,FOLD_2,True,3.2419089797327842,10,0.7852283695613042,42,7936,0.5996215062111802
EXPLORATORY_CONSUMED_DIAGNOSTIC_ONLY,OBSERVABLE_GEOMETRY_SUMMARY,SS,U0,FOLD,FOLD_3,True,3.7099823592709336,10,0.8206295683262712,55,7552,0.6665384615384615
EXPLORATORY_CONSUMED_DIAGNOSTIC_ONLY,OBSERVABLE_GEOMETRY_SUMMARY,SS,U0,FOLD,FOLD_4,True,3.6911458538238553,10,0.8338343313284305,56,7552,0.6930048076923077
EXPLORATORY_CONSUMED_DIAGNOSTIC_ONLY,OBSERVABLE_GEOMETRY_SUMMARY,SS,U0,FOLD,FOLD_5,True,3.5696085821357393,10,0.7751015971619406,48,7680,0.5533613040123457
EXPLORATORY_CONSUMED_DIAGNOSTIC_ONLY,OBSERVABLE_GEOMETRY_SUMMARY,SS,U0,FAMILY,F1,True,3.273383330245029,10,0.802403951353497,58,12288,0.6869710286458334
EXPLORATORY_CONSUMED_DIAGNOSTIC_ONLY,OBSERVABLE_GEOMETRY_SUMMARY,SS,U0,FAMILY,F2,True,2.7379097249103976,10,0.7081377075778114,52,12288,0.4864501953125
EXPLORATORY_CONSUMED_DIAGNOSTIC_ONLY,OBSERVABLE_GEOMETRY_SUMMARY,SS,U0,FAMILY,F3,True,2.9674957244546785,10,0.7560446321964264,64,12288,0.6417032877604166
EXPLORATORY_CONSUMED_DIAGNOSTIC_ONLY,OBSERVABLE_GEOMETRY_SUMMARY,SS,U0,FAMILY,F4,True,3.5961017760536205,10,0.7883138282431497,85,12288,0.61029052734375
EXPLORATORY_CONSUMED_DIAGNOSTIC_ONLY,OBSERVABLE_GEOMETRY_SUMMARY,MS,U0,OVERALL,ALL,True,2.149326178376823,10,0.44163864950339,93,49152,0.09104410807291667
EXPLORATORY_CONSUMED_DIAGNOSTIC_ONLY,OBSERVABLE_GEOMETRY_SUMMARY,MS,U0,FOLD,FOLD_0,True,3.9043528157847196,10,0.7605497953220357,67,9472,0.5558719758064516
EXPLORATORY_CONSUMED_DIAGNOSTIC_ONLY,OBSERVABLE_GEOMETRY_SUMMARY,MS,U0,FOLD,FOLD_1,True,4.553508900483329,10,0.7788560123460959,62,8960,0.5748407643312102
EXPLORATORY_CONSUMED_DIAGNOSTIC_ONLY,OBSERVABLE_GEOMETRY_SUMMARY,MS,U0,FOLD,FOLD_2,True,3.8209590702771115,10,0.8023920804029284,50,7936,0.6156104425465838
EXPLORATORY_CONSUMED_DIAGNOSTIC_ONLY,OBSERVABLE_GEOMETRY_SUMMARY,MS,U0,FOLD,FOLD_3,True,6.525283070684994,10,0.8574053491943041,81,7552,0.7094230769230769
EXPLORATORY_CONSUMED_DIAGNOSTIC_ONLY,OBSERVABLE_GEOMETRY_SUMMARY,MS,U0,FOLD,FOLD_4,True,4.489905113064645,10,0.8487034948714554,76,7552,0.7163221153846154
EXPLORATORY_CONSUMED_DIAGNOSTIC_ONLY,OBSERVABLE_GEOMETRY_SUMMARY,MS,U0,FOLD,FOLD_5,True,4.166730081423659,10,0.8111455325530881,58,7680,0.6420717592592593
EXPLORATORY_CONSUMED_DIAGNOSTIC_ONLY,OBSERVABLE_GEOMETRY_SUMMARY,MS,U0,FAMILY,F1,True,3.555342713483337,10,0.8178902768426471,65,12288,0.708740234375
EXPLORATORY_CONSUMED_DIAGNOSTIC_ONLY,OBSERVABLE_GEOMETRY_SUMMARY,MS,U0,FAMILY,F2,True,2.8556672014649975,10,0.7242338531547122,57,12288,0.50714111328125
EXPLORATORY_CONSUMED_DIAGNOSTIC_ONLY,OBSERVABLE_GEOMETRY_SUMMARY,MS,U0,FAMILY,F3,True,2.819263860557518,10,0.7708302537600199,54,12288,0.66107177734375
EXPLORATORY_CONSUMED_DIAGNOSTIC_ONLY,OBSERVABLE_GEOMETRY_SUMMARY,MS,U0,FAMILY,F4,True,4.778363185282327,10,0.8230732245577707,91,12288,0.64251708984375
EXPLORATORY_CONSUMED_DIAGNOSTIC_ONLY,OBSERVABLE_GEOMETRY_SUMMARY,MS,U1,OVERALL,ALL,True,2.8049100892708316,10,0.47182005238201885,131,49152,0.13838704427083334
EXPLORATORY_CONSUMED_DIAGNOSTIC_ONLY,OBSERVABLE_GEOMETRY_SUMMARY,MS,U1,FOLD,FOLD_0,True,3.817263267831213,10,0.7741590797537393,66,9472,0.5967237903225806
EXPLORATORY_CONSUMED_DIAGNOSTIC_ONLY,OBSERVABLE_GEOMETRY_SUMMARY,MS,U1,FOLD,FOLD_1,True,5.376685630383094,10,0.8215091522744399,114,8960,0.6613256369426752
EXPLORATORY_CONSUMED_DIAGNOSTIC_ONLY,OBSERVABLE_GEOMETRY_SUMMARY,MS,U1,FOLD,FOLD_2,True,3.9749421247102164,10,0.8003814336508841,61,7936,0.6370584239130435
EXPLORATORY_CONSUMED_DIAGNOSTIC_ONLY,OBSERVABLE_GEOMETRY_SUMMARY,MS,U1,FOLD,FOLD_3,True,6.670756780732709,10,0.862569881513812,120,7552,0.7223076923076923
EXPLORATORY_CONSUMED_DIAGNOSTIC_ONLY,OBSERVABLE_GEOMETRY_SUMMARY,MS,U1,FOLD,FOLD_4,True,6.910552788345681,10,0.8665897979139504,102,7552,0.7396634615384615
EXPLORATORY_CONSUMED_DIAGNOSTIC_ONLY,OBSERVABLE_GEOMETRY_SUMMARY,MS,U1,FOLD,FOLD_5,True,3.5854419883408144,10,0.8207540604705182,51,7680,0.6630256558641975
EXPLORATORY_CONSUMED_DIAGNOSTIC_ONLY,OBSERVABLE_GEOMETRY_SUMMARY,MS,U1,FAMILY,F1,True,5.301542434655434,10,0.8295123477776846,102,12288,0.7215576171875
EXPLORATORY_CONSUMED_DIAGNOSTIC_ONLY,OBSERVABLE_GEOMETRY_SUMMARY,MS,U1,FAMILY,F2,True,2.8076189971527707,10,0.7400613867574268,52,12288,0.5299072265625
EXPLORATORY_CONSUMED_DIAGNOSTIC_ONLY,OBSERVABLE_GEOMETRY_SUMMARY,MS,U1,FAMILY,F3,True,3.3313383283272047,10,0.7816626605060365,67,12288,0.67388916015625
EXPLORATORY_CONSUMED_DIAGNOSTIC_ONLY,OBSERVABLE_GEOMETRY_SUMMARY,MS,U1,FAMILY,F4,True,4.6366958201797965,10,0.8610272808207406,120,12288,0.73638916015625
EXPLORATORY_CONSUMED_DIAGNOSTIC_ONLY,OBSERVABLE_GEOMETRY_SUMMARY,MS,U2,OVERALL,ALL,True,40.94928331322181,10,0.4189851327074899,964,49152,0.051066080729166664
EXPLORATORY_CONSUMED_DIAGNOSTIC_ONLY,OBSERVABLE_GEOMETRY_SUMMARY,MS,U2,FOLD,FOLD_0,True,3.887388296335918,10,0.716146554190279,69,9472,0.47941028225806454
EXPLORATORY_CONSUMED_DIAGNOSTIC_ONLY,OBSERVABLE_GEOMETRY_SUMMARY,MS,U2,FOLD,FOLD_1,True,2.270915875187603,10,0.5937574613951249,36,8960,0.35074144108280253
EXPLORATORY_CONSUMED_DIAGNOSTIC_ONLY,OBSERVABLE_GEOMETRY_SUMMARY,MS,U2,FOLD,FOLD_2,True,29.53993021717691,10,0.8068860331653617,303,7936,0.6161442158385093
EXPLORATORY_CONSUMED_DIAGNOSTIC_ONLY,OBSERVABLE_GEOMETRY_SUMMARY,MS,U2,FOLD,FOLD_3,True,9.078755710353699,10,0.8318174044573011,128,7552,0.6495673076923076
EXPLORATORY_CONSUMED_DIAGNOSTIC_ONLY,OBSERVABLE_GEOMETRY_SUMMARY,MS,U2,FOLD,FOLD_4,True,46.33333362459954,10,0.8386682444029091,513,7552,0.6715384615384615
EXPLORATORY_CONSUMED_DIAGNOSTIC_ONLY,OBSERVABLE_GEOMETRY_SUMMARY,MS,U2,FOLD,FOLD_5,True,8.490166367847847,10,0.7897465483740034,103,7680,0.5884693287037037
EXPLORATORY_CONSUMED_DIAGNOSTIC_ONLY,OBSERVABLE_GEOMETRY_SUMMARY,MS,U2,FAMILY,F1,True,57.821468236359934,10,0.7728636344273885,959,12288,0.58563232421875
EXPLORATORY_CONSUMED_DIAGNOSTIC_ONLY,OBSERVABLE_GEOMETRY_SUMMARY,MS,U2,FAMILY,F2,True,2.423325982245812,10,0.6619435316986508,43,12288,0.39886474609375
EXPLORATORY_CONSUMED_DIAGNOSTIC_ONLY,OBSERVABLE_GEOMETRY_SUMMARY,MS,U2,FAMILY,F3,True,1.854055530631798,10,0.7164164228571785,36,12288,0.5301106770833334
EXPLORATORY_CONSUMED_DIAGNOSTIC_ONLY,OBSERVABLE_GEOMETRY_SUMMARY,MS,U2,FAMILY,F4,True,5.141554514582996,10,0.7957923663987054,76,12288,0.567626953125
EXPLORATORY_CONSUMED_DIAGNOSTIC_ONLY,OBSERVABLE_GEOMETRY_SUMMARY,MS,U3,OVERALL,ALL,True,2.099605179269445,10,0.43720064295662775,103,49152,0.09714762369791667
EXPLORATORY_CONSUMED_DIAGNOSTIC_ONLY,OBSERVABLE_GEOMETRY_SUMMARY,MS,U3,FOLD,FOLD_0,True,3.717010723958178,10,0.7586127815811968,68,9472,0.5730594758064517
EXPLORATORY_CONSUMED_DIAGNOSTIC_ONLY,OBSERVABLE_GEOMETRY_SUMMARY,MS,U3,FOLD,FOLD_1,True,4.479560964455603,10,0.7839855362785416,61,8960,0.5804886544585988
EXPLORATORY_CONSUMED_DIAGNOSTIC_ONLY,OBSERVABLE_GEOMETRY_SUMMARY,MS,U3,FOLD,FOLD_2,True,4.667022341463011,10,0.8069815040852832,79,7936,0.6349718555900621
EXPLORATORY_CONSUMED_DIAGNOSTIC_ONLY,OBSERVABLE_GEOMETRY_SUMMARY,MS,U3,FOLD,FOLD_3,True,6.138720418528944,10,0.8496606438946382,103,7552,0.7130048076923077
EXPLORATORY_CONSUMED_DIAGNOSTIC_ONLY,OBSERVABLE_GEOMETRY_SUMMARY,MS,U3,FOLD,FOLD_4,True,5.5102290164928736,10,0.8437138321738511,78,7552,0.7035096153846154
EXPLORATORY_CONSUMED_DIAGNOSTIC_ONLY,OBSERVABLE_GEOMETRY_SUMMARY,MS,U3,FOLD,FOLD_5,True,4.242946954032522,10,0.8230234329788774,61,7680,0.6599633487654321
EXPLORATORY_CONSUMED_DIAGNOSTIC_ONLY,OBSERVABLE_GEOMETRY_SUMMARY,MS,U3,FAMILY,F1,True,3.5427529193601655,10,0.8278963966502084,62,12288,0.7229410807291666
EXPLORATORY_CONSUMED_DIAGNOSTIC_ONLY,OBSERVABLE_GEOMETRY_SUMMARY,MS,U3,FAMILY,F2,True,2.7341863448205386,10,0.7435298565361235,57,12288,0.537353515625
EXPLORATORY_CONSUMED_DIAGNOSTIC_ONLY,OBSERVABLE_GEOMETRY_SUMMARY,MS,U3,FAMILY,F3,True,2.8519002622557643,10,0.7774893164634704,54,12288,0.6730143229166666
EXPLORATORY_CONSUMED_DIAGNOSTIC_ONLY,OBSERVABLE_GEOMETRY_SUMMARY,MS,U3,FAMILY,F4,True,4.850564195825245,10,0.8175709284014172,103,12288,0.6549479166666666
