arm,component,scope,scope_id,oracle_nrmse,residual_rms,frozen_metric_reproduced,status,evidence_class,selected_oracle,target_magnitude_p25,target_magnitude_p75
SS,density_rate,OVERALL,ALL,0.5403789915781142,0.06008200437386741,True,EVALUABLE,EXPLORATORY_CONSUMED_DIAGNOSTIC_ONLY,,,
SS,density_rate,FOLD,FOLD_0,0.33953382513874636,0.03479707391018518,,EVALUABLE,EXPLORATORY_CONSUMED_DIAGNOSTIC_ONLY,ridge,,
SS,density_rate,FOLD,FOLD_1,0.4718033513957548,0.04958282032255479,,EVALUABLE,EXPLORATORY_CONSUMED_DIAGNOSTIC_ONLY,ridge,,
SS,density_rate,FOLD,FOLD_2,0.30144878454482993,0.03303893858802357,,EVALUABLE,EXPLORATORY_CONSUMED_DIAGNOSTIC_ONLY,ridge,,
SS,density_rate,FOLD,FOLD_3,1.4288885188686118,0.1128832573285163,,EVALUABLE,EXPLORATORY_CONSUMED_DIAGNOSTIC_ONLY,ridge,,
SS,density_rate,FOLD,FOLD_4,0.4926930448460556,0.06643822536074334,,EVALUABLE,EXPLORATORY_CONSUMED_DIAGNOSTIC_ONLY,ridge,,
SS,density_rate,FOLD,FOLD_5,0.2079064246746864,0.027253963373802398,,EVALUABLE,EXPLORATORY_CONSUMED_DIAGNOSTIC_ONLY,ridge,,
SS,density_rate,FAMILY,F1,0.8305947483097608,0.08722374879096496,,EVALUABLE,EXPLORATORY_CONSUMED_DIAGNOSTIC_ONLY,,,
SS,density_rate,FAMILY,F2,0.354211384472167,0.03276198833938121,,EVALUABLE,EXPLORATORY_CONSUMED_DIAGNOSTIC_ONLY,,,
SS,density_rate,FAMILY,F3,0.40025942431722017,0.03864090734828035,,EVALUABLE,EXPLORATORY_CONSUMED_DIAGNOSTIC_ONLY,,,
SS,density_rate,FAMILY,F4,0.5764504092133088,0.0653065007830629,,EVALUABLE,EXPLORATORY_CONSUMED_DIAGNOSTIC_ONLY,,,
SS,density_rate,FAMILY_FOLD,F1|FOLD_0,0.534278245927462,0.05181198727307112,,EVALUABLE,EXPLORATORY_CONSUMED_DIAGNOSTIC_ONLY,,,
SS,density_rate,FAMILY_FOLD,F2|FOLD_0,0.45334921834248176,0.04396384114468785,,EVALUABLE,EXPLORATORY_CONSUMED_DIAGNOSTIC_ONLY,,,
SS,density_rate,FAMILY_FOLD,F3|FOLD_0,0.19446694770536027,0.018858561239102137,,EVALUABLE,EXPLORATORY_CONSUMED_DIAGNOSTIC_ONLY,,,
SS,density_rate,FAMILY_FOLD,F4|FOLD_0,0.17604088857968136,0.017071681933815683,,EVALUABLE,EXPLORATORY_CONSUMED_DIAGNOSTIC_ONLY,,,
SS,density_rate,FAMILY_FOLD,F1|FOLD_1,1.0289975079090772,0.09271827899798261,,EVALUABLE,EXPLORATORY_CONSUMED_DIAGNOSTIC_ONLY,,,
SS,density_rate,FAMILY_FOLD,F2|FOLD_1,0.44152778005914556,0.03978405737839848,,EVALUABLE,EXPLORATORY_CONSUMED_DIAGNOSTIC_ONLY,,,
SS,density_rate,FAMILY_FOLD,F3|FOLD_1,0.38442285567919354,0.03463859271971542,,EVALUABLE,EXPLORATORY_CONSUMED_DIAGNOSTIC_ONLY,,,
SS,density_rate,FAMILY_FOLD,F4|FOLD_1,0.03226526193560298,0.002907275804940592,,EVALUABLE,EXPLORATORY_CONSUMED_DIAGNOSTIC_ONLY,,,
SS,density_rate,FAMILY_FOLD,F1|FOLD_2,0.3681565643038347,0.03321747213570738,,EVALUABLE,EXPLORATORY_CONSUMED_DIAGNOSTIC_ONLY,,,
SS,density_rate,FAMILY_FOLD,F2|FOLD_2,0.2399017743693263,0.021645493461426378,,EVALUABLE,EXPLORATORY_CONSUMED_DIAGNOSTIC_ONLY,,,
SS,density_rate,FAMILY_FOLD,F3|FOLD_2,0.5542123207409045,0.05000462875431327,,EVALUABLE,EXPLORATORY_CONSUMED_DIAGNOSTIC_ONLY,,,
SS,density_rate,FAMILY_FOLD,F4|FOLD_2,0.043524478765254324,0.003927060660564089,,EVALUABLE,EXPLORATORY_CONSUMED_DIAGNOSTIC_ONLY,,,
SS,density_rate,FAMILY_FOLD,F1|FOLD_3,2.66663593622137,0.18123040565295595,,EVALUABLE,EXPLORATORY_CONSUMED_DIAGNOSTIC_ONLY,,,
SS,density_rate,FAMILY_FOLD,F2|FOLD_3,0.6154154562567871,0.04182497928103287,,EVALUABLE,EXPLORATORY_CONSUMED_DIAGNOSTIC_ONLY,,,
SS,density_rate,FAMILY_FOLD,F3|FOLD_3,0.7420299348766698,0.05042997593998212,,EVALUABLE,EXPLORATORY_CONSUMED_DIAGNOSTIC_ONLY,,,
SS,density_rate,FAMILY_FOLD,F4|FOLD_3,1.6914727481196206,0.11495618435526521,,EVALUABLE,EXPLORATORY_CONSUMED_DIAGNOSTIC_ONLY,,,
SS,density_rate,FAMILY_FOLD,F1|FOLD_4,0.10437755582716231,0.009984036338061405,,EVALUABLE,EXPLORATORY_CONSUMED_DIAGNOSTIC_ONLY,,,
SS,density_rate,FAMILY_FOLD,F2|FOLD_4,0.3081441709528468,0.029474943878254913,,EVALUABLE,EXPLORATORY_CONSUMED_DIAGNOSTIC_ONLY,,,
SS,density_rate,FAMILY_FOLD,F3|FOLD_4,0.06935629433286891,0.0066341442602782874,,EVALUABLE,EXPLORATORY_CONSUMED_DIAGNOSTIC_ONLY,,,
SS,density_rate,FAMILY_FOLD,F4|FOLD_4,1.4888941582713442,0.14241733543103396,,EVALUABLE,EXPLORATORY_CONSUMED_DIAGNOSTIC_ONLY,,,
SS,density_rate,FAMILY_FOLD,F1|FOLD_5,0.2811226796696582,0.027412337693690666,,EVALUABLE,EXPLORATORY_CONSUMED_DIAGNOSTIC_ONLY,,,
SS,density_rate,FAMILY_FOLD,F2|FOLD_5,0.06692990685241385,0.006526350739832004,,EVALUABLE,EXPLORATORY_CONSUMED_DIAGNOSTIC_ONLY,,,
SS,density_rate,FAMILY_FOLD,F3|FOLD_5,0.4570681925683238,0.0445688254624304,,EVALUABLE,EXPLORATORY_CONSUMED_DIAGNOSTIC_ONLY,,,
SS,density_rate,FAMILY_FOLD,F4|FOLD_5,0.02650491960834977,0.0025845008581377206,,EVALUABLE,EXPLORATORY_CONSUMED_DIAGNOSTIC_ONLY,,,
SS,density_rate,TARGET_AMPLITUDE,LOW_LE_P25,,0.004562408525877622,,EVALUABLE_RAW_RESIDUAL_ONLY,EXPLORATORY_CONSUMED_DIAGNOSTIC_ONLY,,0.0,0.011759612076561038
SS,density_rate,TARGET_AMPLITUDE,MID_P25_TO_P75,,0.011934056286902748,,EVALUABLE_RAW_RESIDUAL_ONLY,EXPLORATORY_CONSUMED_DIAGNOSTIC_ONLY,,0.0,0.011759612076561038
SS,density_rate,TARGET_AMPLITUDE,HIGH_GE_P75,,0.11923323758369911,,EVALUABLE_RAW_RESIDUAL_ONLY,EXPLORATORY_CONSUMED_DIAGNOSTIC_ONLY,,0.0,0.011759612076561038
SS,density_rate,DESIGN_ONLY_POLARIZATION,longitudinal,,0.11142535104881165,,EVALUABLE_RAW_RESIDUAL_ONLY,EXPLORATORY_CONSUMED_DIAGNOSTIC_ONLY,,,
SS,density_rate,DESIGN_ONLY_POLARIZATION,none,,0.004577703010125232,,EVALUABLE_RAW_RESIDUAL_ONLY,EXPLORATORY_CONSUMED_DIAGNOSTIC_ONLY,,,
SS,density_rate,DESIGN_ONLY_POLARIZATION,transverse,,0.0064606964488308355,,EVALUABLE_RAW_RESIDUAL_ONLY,EXPLORATORY_CONSUMED_DIAGNOSTIC_ONLY,,,
SS,pressure_gradient_acceleration,OVERALL,ALL,0.5078842499200736,0.6893980461120668,True,EVALUABLE,EXPLORATORY_CONSUMED_DIAGNOSTIC_ONLY,,,
SS,pressure_gradient_acceleration,FOLD,FOLD_0,0.43276825507723016,0.5803155731828631,,EVALUABLE,EXPLORATORY_CONSUMED_DIAGNOSTIC_ONLY,ridge,,
SS,pressure_gradient_acceleration,FOLD,FOLD_1,1.3050888254138744,1.268734504607003,,EVALUABLE,EXPLORATORY_CONSUMED_DIAGNOSTIC_ONLY,ridge,,
SS,pressure_gradient_acceleration,FOLD,FOLD_2,0.3124430543786,0.4012666913803939,,EVALUABLE,EXPLORATORY_CONSUMED_DIAGNOSTIC_ONLY,ridge,,
SS,pressure_gradient_acceleration,FOLD,FOLD_3,0.231149559171463,0.2993025324361464,,EVALUABLE,EXPLORATORY_CONSUMED_DIAGNOSTIC_ONLY,ridge,,
SS,pressure_gradient_acceleration,FOLD,FOLD_4,0.31361475667397354,0.4030533044088687,,EVALUABLE,EXPLORATORY_CONSUMED_DIAGNOSTIC_ONLY,ridge,,
SS,pressure_gradient_acceleration,FOLD,FOLD_5,0.4522410488053012,0.5780976967122613,,EVALUABLE,EXPLORATORY_CONSUMED_DIAGNOSTIC_ONLY,ridge,,
SS,pressure_gradient_acceleration,FAMILY,F1,0.7718723809576661,0.8491981787590223,,EVALUABLE,EXPLORATORY_CONSUMED_DIAGNOSTIC_ONLY,,,
SS,pressure_gradient_acceleration,FAMILY,F2,0.3138795870160704,0.3885724901087498,,EVALUABLE,EXPLORATORY_CONSUMED_DIAGNOSTIC_ONLY,,,
SS,pressure_gradient_acceleration,FAMILY,F3,0.3620269192457965,0.3893932619405687,,EVALUABLE,EXPLORATORY_CONSUMED_DIAGNOSTIC_ONLY,,,
SS,pressure_gradient_acceleration,FAMILY,F4,0.5837581124607617,0.9366565136755682,,EVALUABLE,EXPLORATORY_CONSUMED_DIAGNOSTIC_ONLY,,,
SS,pressure_gradient_acceleration,FAMILY_FOLD,F1|FOLD_0,0.1805163195489296,0.2037152042764282,,EVALUABLE,EXPLORATORY_CONSUMED_DIAGNOSTIC_ONLY,,,
SS,pressure_gradient_acceleration,FAMILY_FOLD,F2|FOLD_0,0.33319192922626506,0.37601177608314623,,EVALUABLE,EXPLORATORY_CONSUMED_DIAGNOSTIC_ONLY,,,
SS,pressure_gradient_acceleration,FAMILY_FOLD,F3|FOLD_0,0.4661519846511672,0.5260590677583313,,EVALUABLE,EXPLORATORY_CONSUMED_DIAGNOSTIC_ONLY,,,
SS,pressure_gradient_acceleration,FAMILY_FOLD,F4|FOLD_0,0.7512127868825585,0.8477541904091672,,EVALUABLE,EXPLORATORY_CONSUMED_DIAGNOSTIC_ONLY,,,
SS,pressure_gradient_acceleration,FAMILY_FOLD,F1|FOLD_1,2.3811602233245455,1.7273186616087812,,EVALUABLE,EXPLORATORY_CONSUMED_DIAGNOSTIC_ONLY,,,
SS,pressure_gradient_acceleration,FAMILY_FOLD,F2|FOLD_1,0.05348840583383671,0.03880105197099853,,EVALUABLE,EXPLORATORY_CONSUMED_DIAGNOSTIC_ONLY,,,
SS,pressure_gradient_acceleration,FAMILY_FOLD,F3|FOLD_1,0.5037566830927783,0.36543039443242786,,EVALUABLE,EXPLORATORY_CONSUMED_DIAGNOSTIC_ONLY,,,
SS,pressure_gradient_acceleration,FAMILY_FOLD,F4|FOLD_1,2.281949989404337,1.655350514822889,,EVALUABLE,EXPLORATORY_CONSUMED_DIAGNOSTIC_ONLY,,,
SS,pressure_gradient_acceleration,FAMILY_FOLD,F1|FOLD_2,0.5026362673250299,0.5489418968523339,,EVALUABLE,EXPLORATORY_CONSUMED_DIAGNOSTIC_ONLY,,,
SS,pressure_gradient_acceleration,FAMILY_FOLD,F2|FOLD_2,0.4462167891863469,0.4873247447242325,,EVALUABLE,EXPLORATORY_CONSUMED_DIAGNOSTIC_ONLY,,,
SS,pressure_gradient_acceleration,FAMILY_FOLD,F3|FOLD_2,0.23580374714617788,0.2575272909219003,,EVALUABLE,EXPLORATORY_CONSUMED_DIAGNOSTIC_ONLY,,,
SS,pressure_gradient_acceleration,FAMILY_FOLD,F4|FOLD_2,0.06511541385684529,0.07111420548129123,,EVALUABLE,EXPLORATORY_CONSUMED_DIAGNOSTIC_ONLY,,,
SS,pressure_gradient_acceleration,FAMILY_FOLD,F1|FOLD_3,0.17972149061038517,0.19329491966766282,,EVALUABLE,EXPLORATORY_CONSUMED_DIAGNOSTIC_ONLY,,,
SS,pressure_gradient_acceleration,FAMILY_FOLD,F2|FOLD_3,0.25729214657683014,0.2767240836628977,,EVALUABLE,EXPLORATORY_CONSUMED_DIAGNOSTIC_ONLY,,,
SS,pressure_gradient_acceleration,FAMILY_FOLD,F3|FOLD_3,0.4256092973888786,0.457753353086422,,EVALUABLE,EXPLORATORY_CONSUMED_DIAGNOSTIC_ONLY,,,
SS,pressure_gradient_acceleration,FAMILY_FOLD,F4|FOLD_3,0.0619753021097581,0.0666559742076421,,EVALUABLE,EXPLORATORY_CONSUMED_DIAGNOSTIC_ONLY,,,
SS,pressure_gradient_acceleration,FAMILY_FOLD,F1|FOLD_4,0.5399763977412708,0.5825287571444773,,EVALUABLE,EXPLORATORY_CONSUMED_DIAGNOSTIC_ONLY,,,
SS,pressure_gradient_acceleration,FAMILY_FOLD,F2|FOLD_4,0.21905784654594282,0.23632050516455477,,EVALUABLE,EXPLORATORY_CONSUMED_DIAGNOSTIC_ONLY,,,
SS,pressure_gradient_acceleration,FAMILY_FOLD,F3|FOLD_4,0.4308239919249732,0.4647746931419171,,EVALUABLE,EXPLORATORY_CONSUMED_DIAGNOSTIC_ONLY,,,
SS,pressure_gradient_acceleration,FAMILY_FOLD,F4|FOLD_4,0.06460079048370727,0.06969159827807145,,EVALUABLE,EXPLORATORY_CONSUMED_DIAGNOSTIC_ONLY,,,
SS,pressure_gradient_acceleration,FAMILY_FOLD,F1|FOLD_5,0.8472235871958361,0.8973091499758065,,EVALUABLE,EXPLORATORY_CONSUMED_DIAGNOSTIC_ONLY,,,
SS,pressure_gradient_acceleration,FAMILY_FOLD,F2|FOLD_5,0.5740304047272009,0.6079655268225803,,EVALUABLE,EXPLORATORY_CONSUMED_DIAGNOSTIC_ONLY,,,
SS,pressure_gradient_acceleration,FAMILY_FOLD,F3|FOLD_5,0.11001581127080377,0.11651964792675787,,EVALUABLE,EXPLORATORY_CONSUMED_DIAGNOSTIC_ONLY,,,
SS,pressure_gradient_acceleration,FAMILY_FOLD,F4|FOLD_5,0.27769439202736385,0.2941109320242812,,EVALUABLE,EXPLORATORY_CONSUMED_DIAGNOSTIC_ONLY,,,
SS,pressure_gradient_acceleration,TARGET_AMPLITUDE,LOW_LE_P25,,0.04548327494565132,,EVALUABLE_RAW_RESIDUAL_ONLY,EXPLORATORY_CONSUMED_DIAGNOSTIC_ONLY,,0.0,0.3519680848751882
SS,pressure_gradient_acceleration,TARGET_AMPLITUDE,MID_P25_TO_P75,,0.360282660583136,,EVALUABLE_RAW_RESIDUAL_ONLY,EXPLORATORY_CONSUMED_DIAGNOSTIC_ONLY,,0.0,0.3519680848751882
SS,pressure_gradient_acceleration,TARGET_AMPLITUDE,HIGH_GE_P75,,1.3447113954821914,,EVALUABLE_RAW_RESIDUAL_ONLY,EXPLORATORY_CONSUMED_DIAGNOSTIC_ONLY,,0.0,0.3519680848751882
SS,pressure_gradient_acceleration,VECTOR_DIRECTION,X_COORDINATE,,0.5436224146667074,,EVALUABLE_COORDINATE_COMPONENT_NOT_INTRINSIC_DIRECTION,EXPLORATORY_CONSUMED_DIAGNOSTIC_ONLY,,,
SS,pressure_gradient_acceleration,VECTOR_DIRECTION,Y_COORDINATE,,0.42396265903387503,,EVALUABLE_COORDINATE_COMPONENT_NOT_INTRINSIC_DIRECTION,EXPLORATORY_CONSUMED_DIAGNOSTIC_ONLY,,,
SS,pressure_gradient_acceleration,DESIGN_ONLY_POLARIZATION,longitudinal,,0.03381389223676738,,EVALUABLE_RAW_RESIDUAL_ONLY,EXPLORATORY_CONSUMED_DIAGNOSTIC_ONLY,,,
SS,pressure_gradient_acceleration,DESIGN_ONLY_POLARIZATION,none,,1.0633423962762247,,EVALUABLE_RAW_RESIDUAL_ONLY,EXPLORATORY_CONSUMED_DIAGNOSTIC_ONLY,,,
SS,pressure_gradient_acceleration,DESIGN_ONLY_POLARIZATION,transverse,,0.054642613835687005,,EVALUABLE_RAW_RESIDUAL_ONLY,EXPLORATORY_CONSUMED_DIAGNOSTIC_ONLY,,,
SS,viscosity_laplacian_acceleration,OVERALL,ALL,0.4671398530431645,0.005725310076737684,True,EVALUABLE,EXPLORATORY_CONSUMED_DIAGNOSTIC_ONLY,,,
SS,viscosity_laplacian_acceleration,FOLD,FOLD_0,0.4864150676718254,0.005677771333551166,,EVALUABLE,EXPLORATORY_CONSUMED_DIAGNOSTIC_ONLY,ridge,,
SS,viscosity_laplacian_acceleration,FOLD,FOLD_1,0.2688153393230976,0.0035265257921761025,,EVALUABLE,EXPLORATORY_CONSUMED_DIAGNOSTIC_ONLY,ridge,,
SS,viscosity_laplacian_acceleration,FOLD,FOLD_2,0.2476141085165635,0.0027086407179489147,,EVALUABLE,EXPLORATORY_CONSUMED_DIAGNOSTIC_ONLY,ridge,,
SS,viscosity_laplacian_acceleration,FOLD,FOLD_3,0.8910969285310828,0.008907843238949612,,EVALUABLE,EXPLORATORY_CONSUMED_DIAGNOSTIC_ONLY,ridge,,
SS,viscosity_laplacian_acceleration,FOLD,FOLD_4,0.7078537808393528,0.00801882625404593,,EVALUABLE,EXPLORATORY_CONSUMED_DIAGNOSTIC_ONLY,ridge,,
SS,viscosity_laplacian_acceleration,FOLD,FOLD_5,0.2010438933770651,0.0025846050441024945,,EVALUABLE,EXPLORATORY_CONSUMED_DIAGNOSTIC_ONLY,ridge,,
SS,viscosity_laplacian_acceleration,FAMILY,F1,0.6933343029739295,0.0077498869996137955,,EVALUABLE,EXPLORATORY_CONSUMED_DIAGNOSTIC_ONLY,,,
SS,viscosity_laplacian_acceleration,FAMILY,F2,0.31000130028518585,0.0031536262174009086,,EVALUABLE,EXPLORATORY_CONSUMED_DIAGNOSTIC_ONLY,,,
SS,viscosity_laplacian_acceleration,FAMILY,F3,0.256017096836535,0.0027819533498798423,,EVALUABLE,EXPLORATORY_CONSUMED_DIAGNOSTIC_ONLY,,,
SS,viscosity_laplacian_acceleration,FAMILY,F4,0.6092067120770079,0.00730556846743683,,EVALUABLE,EXPLORATORY_CONSUMED_DIAGNOSTIC_ONLY,,,
SS,viscosity_laplacian_acceleration,FAMILY_FOLD,F1|FOLD_0,0.6812358769077586,0.007224427367390184,,EVALUABLE,EXPLORATORY_CONSUMED_DIAGNOSTIC_ONLY,,,
SS,viscosity_laplacian_acceleration,FAMILY_FOLD,F2|FOLD_0,0.3339263291580526,0.003541249944163213,,EVALUABLE,EXPLORATORY_CONSUMED_DIAGNOSTIC_ONLY,,,
SS,viscosity_laplacian_acceleration,FAMILY_FOLD,F3|FOLD_0,0.2777127717345631,0.0029451116953792245,,EVALUABLE,EXPLORATORY_CONSUMED_DIAGNOSTIC_ONLY,,,
SS,viscosity_laplacian_acceleration,FAMILY_FOLD,F4|FOLD_0,0.6527852928869273,0.006922712227619062,,EVALUABLE,EXPLORATORY_CONSUMED_DIAGNOSTIC_ONLY,,,
SS,viscosity_laplacian_acceleration,FAMILY_FOLD,F1|FOLD_1,0.6350502117127392,0.006822707078434279,,EVALUABLE,EXPLORATORY_CONSUMED_DIAGNOSTIC_ONLY,,,
SS,viscosity_laplacian_acceleration,FAMILY_FOLD,F2|FOLD_1,0.28957269013681103,0.0031110447745372263,,EVALUABLE,EXPLORATORY_CONSUMED_DIAGNOSTIC_ONLY,,,
SS,viscosity_laplacian_acceleration,FAMILY_FOLD,F3|FOLD_1,0.11111052901419681,0.001193723864368457,,EVALUABLE,EXPLORATORY_CONSUMED_DIAGNOSTIC_ONLY,,,
SS,viscosity_laplacian_acceleration,FAMILY_FOLD,F4|FOLD_1,0.03952792642864341,0.0004246710865794123,,EVALUABLE,EXPLORATORY_CONSUMED_DIAGNOSTIC_ONLY,,,
SS,viscosity_laplacian_acceleration,FAMILY_FOLD,F1|FOLD_2,0.2979250893001034,0.0032224901561583186,,EVALUABLE,EXPLORATORY_CONSUMED_DIAGNOSTIC_ONLY,,,
SS,viscosity_laplacian_acceleration,FAMILY_FOLD,F2|FOLD_2,0.1843287627238105,0.0019937818086075356,,EVALUABLE,EXPLORATORY_CONSUMED_DIAGNOSTIC_ONLY,,,
SS,viscosity_laplacian_acceleration,FAMILY_FOLD,F3|FOLD_2,0.2767841366349271,0.002993820217633218,,EVALUABLE,EXPLORATORY_CONSUMED_DIAGNOSTIC_ONLY,,,
SS,viscosity_laplacian_acceleration,FAMILY_FOLD,F4|FOLD_2,0.23141844540741302,0.0025031247419637537,,EVALUABLE,EXPLORATORY_CONSUMED_DIAGNOSTIC_ONLY,,,
SS,viscosity_laplacian_acceleration,FAMILY_FOLD,F1|FOLD_3,1.57188210791738,0.013429397498363901,,EVALUABLE,EXPLORATORY_CONSUMED_DIAGNOSTIC_ONLY,,,
SS,viscosity_laplacian_acceleration,FAMILY_FOLD,F2|FOLD_3,0.4996969953845516,0.004269168499314692,,EVALUABLE,EXPLORATORY_CONSUMED_DIAGNOSTIC_ONLY,,,
SS,viscosity_laplacian_acceleration,FAMILY_FOLD,F3|FOLD_3,0.18482815541497036,0.0015790820160461307,,EVALUABLE,EXPLORATORY_CONSUMED_DIAGNOSTIC_ONLY,,,
SS,viscosity_laplacian_acceleration,FAMILY_FOLD,F4|FOLD_3,1.3079804554074297,0.011174749917492332,,EVALUABLE,EXPLORATORY_CONSUMED_DIAGNOSTIC_ONLY,,,
SS,viscosity_laplacian_acceleration,FAMILY_FOLD,F1|FOLD_4,0.7782366839038006,0.007912279365979248,,EVALUABLE,EXPLORATORY_CONSUMED_DIAGNOSTIC_ONLY,,,
SS,viscosity_laplacian_acceleration,FAMILY_FOLD,F2|FOLD_4,0.292185134774846,0.0029706263669403835,,EVALUABLE,EXPLORATORY_CONSUMED_DIAGNOSTIC_ONLY,,,
SS,viscosity_laplacian_acceleration,FAMILY_FOLD,F3|FOLD_4,0.37181807372700953,0.003780249034125491,,EVALUABLE,EXPLORATORY_CONSUMED_DIAGNOSTIC_ONLY,,,
SS,viscosity_laplacian_acceleration,FAMILY_FOLD,F4|FOLD_4,1.3891752309517547,0.014123649967838972,,EVALUABLE,EXPLORATORY_CONSUMED_DIAGNOSTIC_ONLY,,,
SS,viscosity_laplacian_acceleration,FAMILY_FOLD,F1|FOLD_5,0.19567584810179467,0.0021608013168207276,,EVALUABLE,EXPLORATORY_CONSUMED_DIAGNOSTIC_ONLY,,,
SS,viscosity_laplacian_acceleration,FAMILY_FOLD,F2|FOLD_5,0.26029788953304367,0.002874406974212054,,EVALUABLE,EXPLORATORY_CONSUMED_DIAGNOSTIC_ONLY,,,
SS,viscosity_laplacian_acceleration,FAMILY_FOLD,F3|FOLD_5,0.313848914493543,0.003465758060072942,,EVALUABLE,EXPLORATORY_CONSUMED_DIAGNOSTIC_ONLY,,,
SS,viscosity_laplacian_acceleration,FAMILY_FOLD,F4|FOLD_5,0.03435292137987907,0.00037935104651068484,,EVALUABLE,EXPLORATORY_CONSUMED_DIAGNOSTIC_ONLY,,,
SS,viscosity_laplacian_acceleration,TARGET_AMPLITUDE,LOW_LE_P25,,0.00022427183464052847,,EVALUABLE_RAW_RESIDUAL_ONLY,EXPLORATORY_CONSUMED_DIAGNOSTIC_ONLY,,0.0,0.005032981936004068
SS,viscosity_laplacian_acceleration,TARGET_AMPLITUDE,MID_P25_TO_P75,,0.0032103775215926414,,EVALUABLE_RAW_RESIDUAL_ONLY,EXPLORATORY_CONSUMED_DIAGNOSTIC_ONLY,,0.0,0.005032981936004068
SS,viscosity_laplacian_acceleration,TARGET_AMPLITUDE,HIGH_GE_P75,,0.01083461866706754,,EVALUABLE_RAW_RESIDUAL_ONLY,EXPLORATORY_CONSUMED_DIAGNOSTIC_ONLY,,0.0,0.005032981936004068
SS,viscosity_laplacian_acceleration,VECTOR_DIRECTION,X_COORDINATE,,0.004533524141979323,,EVALUABLE_COORDINATE_COMPONENT_NOT_INTRINSIC_DIRECTION,EXPLORATORY_CONSUMED_DIAGNOSTIC_ONLY,,,
SS,viscosity_laplacian_acceleration,VECTOR_DIRECTION,Y_COORDINATE,,0.003496617555421913,,EVALUABLE_COORDINATE_COMPONENT_NOT_INTRINSIC_DIRECTION,EXPLORATORY_CONSUMED_DIAGNOSTIC_ONLY,,,
SS,viscosity_laplacian_acceleration,DESIGN_ONLY_POLARIZATION,longitudinal,,0.008733550607618448,,EVALUABLE_RAW_RESIDUAL_ONLY,EXPLORATORY_CONSUMED_DIAGNOSTIC_ONLY,,,
SS,viscosity_laplacian_acceleration,DESIGN_ONLY_POLARIZATION,none,,0.00022427183464052847,,EVALUABLE_RAW_RESIDUAL_ONLY,EXPLORATORY_CONSUMED_DIAGNOSTIC_ONLY,,,
SS,viscosity_laplacian_acceleration,DESIGN_ONLY_POLARIZATION,transverse,,0.00605966674412051,,EVALUABLE_RAW_RESIDUAL_ONLY,EXPLORATORY_CONSUMED_DIAGNOSTIC_ONLY,,,
MS,density_rate,OVERALL,ALL,0.1625951106024852,0.028179341359982422,True,EVALUABLE,EXPLORATORY_CONSUMED_DIAGNOSTIC_ONLY,,,
MS,density_rate,FOLD,FOLD_0,0.07842579146584225,0.010697268159246355,,EVALUABLE,EXPLORATORY_CONSUMED_DIAGNOSTIC_ONLY,ridge,,
MS,density_rate,FOLD,FOLD_1,0.06706490526246457,0.0064954372699866795,,EVALUABLE,EXPLORATORY_CONSUMED_DIAGNOSTIC_ONLY,ridge,,
MS,density_rate,FOLD,FOLD_2,0.0869004528083726,0.008222639111626495,,EVALUABLE,EXPLORATORY_CONSUMED_DIAGNOSTIC_ONLY,ridge,,
MS,density_rate,FOLD,FOLD_3,0.5706101651078648,0.06531636196266251,,EVALUABLE,EXPLORATORY_CONSUMED_DIAGNOSTIC_ONLY,knn5,,
MS,density_rate,FOLD,FOLD_4,0.16157194518693582,0.025210804833782026,,EVALUABLE,EXPLORATORY_CONSUMED_DIAGNOSTIC_ONLY,ridge,,
MS,density_rate,FOLD,FOLD_5,0.010997403783430986,0.0013215830761461505,,EVALUABLE,EXPLORATORY_CONSUMED_DIAGNOSTIC_ONLY,knn5,,
MS,density_rate,FAMILY,F1,0.3539858469394079,0.050886165106770645,,EVALUABLE,EXPLORATORY_CONSUMED_DIAGNOSTIC_ONLY,,,
MS,density_rate,FAMILY,F2,0.05798322485114177,0.005328887120494971,,EVALUABLE,EXPLORATORY_CONSUMED_DIAGNOSTIC_ONLY,,,
MS,density_rate,FAMILY,F3,0.04090640049065799,0.005245832310678312,,EVALUABLE,EXPLORATORY_CONSUMED_DIAGNOSTIC_ONLY,,,
MS,density_rate,FAMILY,F4,0.1975049701287331,0.023043079743849504,,EVALUABLE,EXPLORATORY_CONSUMED_DIAGNOSTIC_ONLY,,,
MS,density_rate,FAMILY_FOLD,F1|FOLD_0,0.04379074699036455,0.00424663673476814,,EVALUABLE,EXPLORATORY_CONSUMED_DIAGNOSTIC_ONLY,,,
MS,density_rate,FAMILY_FOLD,F2|FOLD_0,0.050503974737050594,0.004897656448229856,,EVALUABLE,EXPLORATORY_CONSUMED_DIAGNOSTIC_ONLY,,,
MS,density_rate,FAMILY_FOLD,F3|FOLD_0,0.036308675391177894,0.003521057878754043,,EVALUABLE,EXPLORATORY_CONSUMED_DIAGNOSTIC_ONLY,,,
MS,density_rate,FAMILY_FOLD,F4|FOLD_0,0.183099768744776,0.017756221519815728,,EVALUABLE,EXPLORATORY_CONSUMED_DIAGNOSTIC_ONLY,,,
MS,density_rate,FAMILY_FOLD,F1|FOLD_1,0.12391956400586433,0.011165827536502958,,EVALUABLE,EXPLORATORY_CONSUMED_DIAGNOSTIC_ONLY,,,
MS,density_rate,FAMILY_FOLD,F2|FOLD_1,0.07243562714472662,0.006526844463059717,,EVALUABLE,EXPLORATORY_CONSUMED_DIAGNOSTIC_ONLY,,,
MS,density_rate,FAMILY_FOLD,F3|FOLD_1,0.05441110412833005,0.004902736784474856,,EVALUABLE,EXPLORATORY_CONSUMED_DIAGNOSTIC_ONLY,,,
MS,density_rate,FAMILY_FOLD,F4|FOLD_1,0.017493325770937238,0.0015762439140675495,,EVALUABLE,EXPLORATORY_CONSUMED_DIAGNOSTIC_ONLY,,,
MS,density_rate,FAMILY_FOLD,F1|FOLD_2,0.09784541279852317,0.008828247513086312,,EVALUABLE,EXPLORATORY_CONSUMED_DIAGNOSTIC_ONLY,,,
MS,density_rate,FAMILY_FOLD,F2|FOLD_2,0.038761909238604716,0.003497350760253058,,EVALUABLE,EXPLORATORY_CONSUMED_DIAGNOSTIC_ONLY,,,
MS,density_rate,FAMILY_FOLD,F3|FOLD_2,0.12006160596098288,0.010832736496546253,,EVALUABLE,EXPLORATORY_CONSUMED_DIAGNOSTIC_ONLY,,,
MS,density_rate,FAMILY_FOLD,F4|FOLD_2,0.09093288323537964,0.00820455427924389,,EVALUABLE,EXPLORATORY_CONSUMED_DIAGNOSTIC_ONLY,,,
MS,density_rate,FAMILY_FOLD,F1|FOLD_3,1.8212492832122473,0.12377608128217715,,EVALUABLE,EXPLORATORY_CONSUMED_DIAGNOSTIC_ONLY,,,
MS,density_rate,FAMILY_FOLD,F2|FOLD_3,0.14233532191864032,0.009673419524455796,,EVALUABLE,EXPLORATORY_CONSUMED_DIAGNOSTIC_ONLY,,,
MS,density_rate,FAMILY_FOLD,F3|FOLD_3,0.010799250818555473,0.0007339406853445902,,EVALUABLE,EXPLORATORY_CONSUMED_DIAGNOSTIC_ONLY,,,
MS,density_rate,FAMILY_FOLD,F4|FOLD_3,0.308056804482016,0.02093621363234882,,EVALUABLE,EXPLORATORY_CONSUMED_DIAGNOSTIC_ONLY,,,
MS,density_rate,FAMILY_FOLD,F1|FOLD_4,0.015452160632548763,0.0014780469999929006,,EVALUABLE,EXPLORATORY_CONSUMED_DIAGNOSTIC_ONLY,,,
MS,density_rate,FAMILY_FOLD,F2|FOLD_4,0.03072825115298308,0.0029392523486991198,,EVALUABLE,EXPLORATORY_CONSUMED_DIAGNOSTIC_ONLY,,,
MS,density_rate,FAMILY_FOLD,F3|FOLD_4,0.017407268851666827,0.00166505915360991,,EVALUABLE,EXPLORATORY_CONSUMED_DIAGNOSTIC_ONLY,,,
MS,density_rate,FAMILY_FOLD,F4|FOLD_4,0.5827001001105446,0.05573706844917083,,EVALUABLE,EXPLORATORY_CONSUMED_DIAGNOSTIC_ONLY,,,
MS,density_rate,FAMILY_FOLD,F1|FOLD_5,0.021657913996898686,0.0021118682168280935,,EVALUABLE,EXPLORATORY_CONSUMED_DIAGNOSTIC_ONLY,,,
MS,density_rate,FAMILY_FOLD,F2|FOLD_5,0.013134264914845272,0.0012807252179980958,,EVALUABLE,EXPLORATORY_CONSUMED_DIAGNOSTIC_ONLY,,,
MS,density_rate,FAMILY_FOLD,F3|FOLD_5,0.006450497793234846,0.0006289895358437163,,EVALUABLE,EXPLORATORY_CONSUMED_DIAGNOSTIC_ONLY,,,
MS,density_rate,FAMILY_FOLD,F4|FOLD_5,0.0027469384287451427,0.0002678546032679451,,EVALUABLE,EXPLORATORY_CONSUMED_DIAGNOSTIC_ONLY,,,
MS,density_rate,TARGET_AMPLITUDE,LOW_LE_P25,,0.0025808638638442987,,EVALUABLE_RAW_RESIDUAL_ONLY,EXPLORATORY_CONSUMED_DIAGNOSTIC_ONLY,,0.0,0.011759612076561038
MS,density_rate,TARGET_AMPLITUDE,MID_P25_TO_P75,,0.006332310113894234,,EVALUABLE_RAW_RESIDUAL_ONLY,EXPLORATORY_CONSUMED_DIAGNOSTIC_ONLY,,0.0,0.011759612076561038
MS,density_rate,TARGET_AMPLITUDE,HIGH_GE_P75,,0.05578786143717853,,EVALUABLE_RAW_RESIDUAL_ONLY,EXPLORATORY_CONSUMED_DIAGNOSTIC_ONLY,,0.0,0.011759612076561038
MS,density_rate,DESIGN_ONLY_POLARIZATION,longitudinal,,0.051676282415768715,,EVALUABLE_RAW_RESIDUAL_ONLY,EXPLORATORY_CONSUMED_DIAGNOSTIC_ONLY,,,
MS,density_rate,DESIGN_ONLY_POLARIZATION,none,,0.002591071864416594,,EVALUABLE_RAW_RESIDUAL_ONLY,EXPLORATORY_CONSUMED_DIAGNOSTIC_ONLY,,,
MS,density_rate,DESIGN_ONLY_POLARIZATION,transverse,,0.008142356672224162,,EVALUABLE_RAW_RESIDUAL_ONLY,EXPLORATORY_CONSUMED_DIAGNOSTIC_ONLY,,,
MS,pressure_gradient_acceleration,OVERALL,ALL,0.25235988894350103,0.37543274340868005,True,EVALUABLE,EXPLORATORY_CONSUMED_DIAGNOSTIC_ONLY,,,
MS,pressure_gradient_acceleration,FOLD,FOLD_0,0.21301524197636884,0.342769495359251,,EVALUABLE,EXPLORATORY_CONSUMED_DIAGNOSTIC_ONLY,ridge,,
MS,pressure_gradient_acceleration,FOLD,FOLD_1,0.6925105784131498,0.7244479841253146,,EVALUABLE,EXPLORATORY_CONSUMED_DIAGNOSTIC_ONLY,ridge,,
MS,pressure_gradient_acceleration,FOLD,FOLD_2,0.14105159227764869,0.18776333113457075,,EVALUABLE,EXPLORATORY_CONSUMED_DIAGNOSTIC_ONLY,ridge,,
MS,pressure_gradient_acceleration,FOLD,FOLD_3,0.12154439365988641,0.14669612775694466,,EVALUABLE,EXPLORATORY_CONSUMED_DIAGNOSTIC_ONLY,ridge,,
MS,pressure_gradient_acceleration,FOLD,FOLD_4,0.09898810799724168,0.11645934358234336,,EVALUABLE,EXPLORATORY_CONSUMED_DIAGNOSTIC_ONLY,ridge,,
MS,pressure_gradient_acceleration,FOLD,FOLD_5,0.24704941933671087,0.27193590013047825,,EVALUABLE,EXPLORATORY_CONSUMED_DIAGNOSTIC_ONLY,ridge,,
MS,pressure_gradient_acceleration,FAMILY,F1,0.2837930430135897,0.3128439670097687,,EVALUABLE,EXPLORATORY_CONSUMED_DIAGNOSTIC_ONLY,,,
MS,pressure_gradient_acceleration,FAMILY,F2,0.16406151242305866,0.20680037113462654,,EVALUABLE,EXPLORATORY_CONSUMED_DIAGNOSTIC_ONLY,,,
MS,pressure_gradient_acceleration,FAMILY,F3,0.16568481090710688,0.16791293752412914,,EVALUABLE,EXPLORATORY_CONSUMED_DIAGNOSTIC_ONLY,,,
MS,pressure_gradient_acceleration,FAMILY,F4,0.3959001894302489,0.6284635896451444,,EVALUABLE,EXPLORATORY_CONSUMED_DIAGNOSTIC_ONLY,,,
MS,pressure_gradient_acceleration,FAMILY_FOLD,F1|FOLD_0,0.0240519767859059,0.027142993921193,,EVALUABLE,EXPLORATORY_CONSUMED_DIAGNOSTIC_ONLY,,,
MS,pressure_gradient_acceleration,FAMILY_FOLD,F2|FOLD_0,0.1727745614147021,0.19497852138973013,,EVALUABLE,EXPLORATORY_CONSUMED_DIAGNOSTIC_ONLY,,,
MS,pressure_gradient_acceleration,FAMILY_FOLD,F3|FOLD_0,0.1590172423092917,0.17945319338139434,,EVALUABLE,EXPLORATORY_CONSUMED_DIAGNOSTIC_ONLY,,,
MS,pressure_gradient_acceleration,FAMILY_FOLD,F4|FOLD_0,0.4962171873955756,0.559988071706527,,EVALUABLE,EXPLORATORY_CONSUMED_DIAGNOSTIC_ONLY,,,
MS,pressure_gradient_acceleration,FAMILY_FOLD,F1|FOLD_1,0.8919417129118105,0.647023896455322,,EVALUABLE,EXPLORATORY_CONSUMED_DIAGNOSTIC_ONLY,,,
MS,pressure_gradient_acceleration,FAMILY_FOLD,F2|FOLD_1,0.01785316864212868,0.012950876241894296,,EVALUABLE,EXPLORATORY_CONSUMED_DIAGNOSTIC_ONLY,,,
MS,pressure_gradient_acceleration,FAMILY_FOLD,F3|FOLD_1,0.3310500199740181,0.24014716516165427,,EVALUABLE,EXPLORATORY_CONSUMED_DIAGNOSTIC_ONLY,,,
MS,pressure_gradient_acceleration,FAMILY_FOLD,F4|FOLD_1,1.5291974121246417,1.109295880794969,,EVALUABLE,EXPLORATORY_CONSUMED_DIAGNOSTIC_ONLY,,,
MS,pressure_gradient_acceleration,FAMILY_FOLD,F1|FOLD_2,0.23128946909793605,0.2525971326428156,,EVALUABLE,EXPLORATORY_CONSUMED_DIAGNOSTIC_ONLY,,,
MS,pressure_gradient_acceleration,FAMILY_FOLD,F2|FOLD_2,0.227313846352613,0.24825525356870637,,EVALUABLE,EXPLORATORY_CONSUMED_DIAGNOSTIC_ONLY,,,
MS,pressure_gradient_acceleration,FAMILY_FOLD,F3|FOLD_2,0.07101620314465269,0.07755860807446961,,EVALUABLE,EXPLORATORY_CONSUMED_DIAGNOSTIC_ONLY,,,
MS,pressure_gradient_acceleration,FAMILY_FOLD,F4|FOLD_2,0.03458685051539303,0.0377731822439119,,EVALUABLE,EXPLORATORY_CONSUMED_DIAGNOSTIC_ONLY,,,
MS,pressure_gradient_acceleration,FAMILY_FOLD,F1|FOLD_3,0.15098181062098473,0.16238468118723212,,EVALUABLE,EXPLORATORY_CONSUMED_DIAGNOSTIC_ONLY,,,
MS,pressure_gradient_acceleration,FAMILY_FOLD,F2|FOLD_3,0.13591489737631743,0.14617984238149764,,EVALUABLE,EXPLORATORY_CONSUMED_DIAGNOSTIC_ONLY,,,
MS,pressure_gradient_acceleration,FAMILY_FOLD,F3|FOLD_3,0.16444157877796317,0.17686099559911678,,EVALUABLE,EXPLORATORY_CONSUMED_DIAGNOSTIC_ONLY,,,
MS,pressure_gradient_acceleration,FAMILY_FOLD,F4|FOLD_3,0.034839287864280304,0.03747051800056405,,EVALUABLE,EXPLORATORY_CONSUMED_DIAGNOSTIC_ONLY,,,
MS,pressure_gradient_acceleration,FAMILY_FOLD,F1|FOLD_4,0.12241555281975748,0.13206240150040005,,EVALUABLE,EXPLORATORY_CONSUMED_DIAGNOSTIC_ONLY,,,
MS,pressure_gradient_acceleration,FAMILY_FOLD,F2|FOLD_4,0.10956079806822432,0.11819463924239916,,EVALUABLE,EXPLORATORY_CONSUMED_DIAGNOSTIC_ONLY,,,
MS,pressure_gradient_acceleration,FAMILY_FOLD,F3|FOLD_4,0.12809287123973823,0.1381871159452145,,EVALUABLE,EXPLORATORY_CONSUMED_DIAGNOSTIC_ONLY,,,
MS,pressure_gradient_acceleration,FAMILY_FOLD,F4|FOLD_4,0.0358832098612467,0.03871095427552768,,EVALUABLE,EXPLORATORY_CONSUMED_DIAGNOSTIC_ONLY,,,
MS,pressure_gradient_acceleration,FAMILY_FOLD,F1|FOLD_5,0.2820777358451436,0.29875340725115956,,EVALUABLE,EXPLORATORY_CONSUMED_DIAGNOSTIC_ONLY,,,
MS,pressure_gradient_acceleration,FAMILY_FOLD,F2|FOLD_5,0.32095180268436646,0.3399256035860837,,EVALUABLE,EXPLORATORY_CONSUMED_DIAGNOSTIC_ONLY,,,
MS,pressure_gradient_acceleration,FAMILY_FOLD,F3|FOLD_5,0.14049094999697742,0.14879639427690014,,EVALUABLE,EXPLORATORY_CONSUMED_DIAGNOSTIC_ONLY,,,
MS,pressure_gradient_acceleration,FAMILY_FOLD,F4|FOLD_5,0.24467718882035597,0.25914184122934975,,EVALUABLE,EXPLORATORY_CONSUMED_DIAGNOSTIC_ONLY,,,
MS,pressure_gradient_acceleration,TARGET_AMPLITUDE,LOW_LE_P25,,0.021914273119974726,,EVALUABLE_RAW_RESIDUAL_ONLY,EXPLORATORY_CONSUMED_DIAGNOSTIC_ONLY,,0.0,0.3519680848751882
MS,pressure_gradient_acceleration,TARGET_AMPLITUDE,MID_P25_TO_P75,,0.16193946648760363,,EVALUABLE_RAW_RESIDUAL_ONLY,EXPLORATORY_CONSUMED_DIAGNOSTIC_ONLY,,0.0,0.3519680848751882
MS,pressure_gradient_acceleration,TARGET_AMPLITUDE,HIGH_GE_P75,,0.7381633463513051,,EVALUABLE_RAW_RESIDUAL_ONLY,EXPLORATORY_CONSUMED_DIAGNOSTIC_ONLY,,0.0,0.3519680848751882
MS,pressure_gradient_acceleration,VECTOR_DIRECTION,X_COORDINATE,,0.2828130224219003,,EVALUABLE_COORDINATE_COMPONENT_NOT_INTRINSIC_DIRECTION,EXPLORATORY_CONSUMED_DIAGNOSTIC_ONLY,,,
MS,pressure_gradient_acceleration,VECTOR_DIRECTION,Y_COORDINATE,,0.2469140319462575,,EVALUABLE_COORDINATE_COMPONENT_NOT_INTRINSIC_DIRECTION,EXPLORATORY_CONSUMED_DIAGNOSTIC_ONLY,,,
MS,pressure_gradient_acceleration,DESIGN_ONLY_POLARIZATION,longitudinal,,0.02034367558700551,,EVALUABLE_RAW_RESIDUAL_ONLY,EXPLORATORY_CONSUMED_DIAGNOSTIC_ONLY,,,
MS,pressure_gradient_acceleration,DESIGN_ONLY_POLARIZATION,none,,0.5792349287143155,,EVALUABLE_RAW_RESIDUAL_ONLY,EXPLORATORY_CONSUMED_DIAGNOSTIC_ONLY,,,
MS,pressure_gradient_acceleration,DESIGN_ONLY_POLARIZATION,transverse,,0.02336692117128817,,EVALUABLE_RAW_RESIDUAL_ONLY,EXPLORATORY_CONSUMED_DIAGNOSTIC_ONLY,,,
MS,viscosity_laplacian_acceleration,OVERALL,ALL,0.18754480586081715,0.002748600906270835,True,EVALUABLE,EXPLORATORY_CONSUMED_DIAGNOSTIC_ONLY,,,
MS,viscosity_laplacian_acceleration,FOLD,FOLD_0,0.21074087444211276,0.003264267541329147,,EVALUABLE,EXPLORATORY_CONSUMED_DIAGNOSTIC_ONLY,ridge,,
MS,viscosity_laplacian_acceleration,FOLD,FOLD_1,0.07322649292063126,0.0008863978434584307,,EVALUABLE,EXPLORATORY_CONSUMED_DIAGNOSTIC_ONLY,ridge,,
MS,viscosity_laplacian_acceleration,FOLD,FOLD_2,0.08939723389893242,0.0010360259305585507,,EVALUABLE,EXPLORATORY_CONSUMED_DIAGNOSTIC_ONLY,ridge,,
MS,viscosity_laplacian_acceleration,FOLD,FOLD_3,0.3334692745648629,0.003315703825189845,,EVALUABLE,EXPLORATORY_CONSUMED_DIAGNOSTIC_ONLY,ridge,,
MS,viscosity_laplacian_acceleration,FOLD,FOLD_4,0.2878703203466664,0.004535498375554722,,EVALUABLE,EXPLORATORY_CONSUMED_DIAGNOSTIC_ONLY,ridge,,
MS,viscosity_laplacian_acceleration,FOLD,FOLD_5,0.13056463899169712,0.0014644836805156017,,EVALUABLE,EXPLORATORY_CONSUMED_DIAGNOSTIC_ONLY,ridge,,
MS,viscosity_laplacian_acceleration,FAMILY,F1,0.18190523014348867,0.002122181767698097,,EVALUABLE,EXPLORATORY_CONSUMED_DIAGNOSTIC_ONLY,,,
MS,viscosity_laplacian_acceleration,FAMILY,F2,0.08211403609817523,0.0008741215050060968,,EVALUABLE,EXPLORATORY_CONSUMED_DIAGNOSTIC_ONLY,,,
MS,viscosity_laplacian_acceleration,FAMILY,F3,0.06250192480081848,0.0007060479769098208,,EVALUABLE,EXPLORATORY_CONSUMED_DIAGNOSTIC_ONLY,,,
MS,viscosity_laplacian_acceleration,FAMILY,F4,0.4236580324007863,0.004944995466271798,,EVALUABLE,EXPLORATORY_CONSUMED_DIAGNOSTIC_ONLY,,,
MS,viscosity_laplacian_acceleration,FAMILY_FOLD,F1|FOLD_0,0.2192224234101023,0.002324828343478433,,EVALUABLE,EXPLORATORY_CONSUMED_DIAGNOSTIC_ONLY,,,
MS,viscosity_laplacian_acceleration,FAMILY_FOLD,F2|FOLD_0,0.0866609744726957,0.0009190295709426026,,EVALUABLE,EXPLORATORY_CONSUMED_DIAGNOSTIC_ONLY,,,
MS,viscosity_laplacian_acceleration,FAMILY_FOLD,F3|FOLD_0,0.034861361390699584,0.00036970068933928345,,EVALUABLE,EXPLORATORY_CONSUMED_DIAGNOSTIC_ONLY,,,
MS,viscosity_laplacian_acceleration,FAMILY_FOLD,F4|FOLD_0,0.5022187384949535,0.005325971402546069,,EVALUABLE,EXPLORATORY_CONSUMED_DIAGNOSTIC_ONLY,,,
MS,viscosity_laplacian_acceleration,FAMILY_FOLD,F1|FOLD_1,0.15556078941930906,0.001671278395822403,,EVALUABLE,EXPLORATORY_CONSUMED_DIAGNOSTIC_ONLY,,,
MS,viscosity_laplacian_acceleration,FAMILY_FOLD,F2|FOLD_1,0.06374462169348936,0.0006848448730807043,,EVALUABLE,EXPLORATORY_CONSUMED_DIAGNOSTIC_ONLY,,,
MS,viscosity_laplacian_acceleration,FAMILY_FOLD,F3|FOLD_1,0.04787880332151345,0.0005143893259206035,,EVALUABLE,EXPLORATORY_CONSUMED_DIAGNOSTIC_ONLY,,,
MS,viscosity_laplacian_acceleration,FAMILY_FOLD,F4|FOLD_1,0.02572175724821314,0.00027634352687458776,,EVALUABLE,EXPLORATORY_CONSUMED_DIAGNOSTIC_ONLY,,,
MS,viscosity_laplacian_acceleration,FAMILY_FOLD,F1|FOLD_2,0.05896835360208361,0.0006378279165879951,,EVALUABLE,EXPLORATORY_CONSUMED_DIAGNOSTIC_ONLY,,,
MS,viscosity_laplacian_acceleration,FAMILY_FOLD,F2|FOLD_2,0.04715839088805106,0.000510086111827702,,EVALUABLE,EXPLORATORY_CONSUMED_DIAGNOSTIC_ONLY,,,
MS,viscosity_laplacian_acceleration,FAMILY_FOLD,F3|FOLD_2,0.0709374818677553,0.0007672913266839164,,EVALUABLE,EXPLORATORY_CONSUMED_DIAGNOSTIC_ONLY,,,
MS,viscosity_laplacian_acceleration,FAMILY_FOLD,F4|FOLD_2,0.1805247092378397,0.0019526354756792185,,EVALUABLE,EXPLORATORY_CONSUMED_DIAGNOSTIC_ONLY,,,
MS,viscosity_laplacian_acceleration,FAMILY_FOLD,F1|FOLD_3,0.47243808096418555,0.0040362815701479775,,EVALUABLE,EXPLORATORY_CONSUMED_DIAGNOSTIC_ONLY,,,
MS,viscosity_laplacian_acceleration,FAMILY_FOLD,F2|FOLD_3,0.1378660860438931,0.0011778608979016354,,EVALUABLE,EXPLORATORY_CONSUMED_DIAGNOSTIC_ONLY,,,
MS,viscosity_laplacian_acceleration,FAMILY_FOLD,F3|FOLD_3,0.08235466045876376,0.0007035982314277109,,EVALUABLE,EXPLORATORY_CONSUMED_DIAGNOSTIC_ONLY,,,
MS,viscosity_laplacian_acceleration,FAMILY_FOLD,F4|FOLD_3,0.6412182707926093,0.005478257560356497,,EVALUABLE,EXPLORATORY_CONSUMED_DIAGNOSTIC_ONLY,,,
MS,viscosity_laplacian_acceleration,FAMILY_FOLD,F1|FOLD_4,0.09286027568483565,0.0009441040989415652,,EVALUABLE,EXPLORATORY_CONSUMED_DIAGNOSTIC_ONLY,,,
MS,viscosity_laplacian_acceleration,FAMILY_FOLD,F2|FOLD_4,0.04307287845126527,0.0004379190218761338,,EVALUABLE,EXPLORATORY_CONSUMED_DIAGNOSTIC_ONLY,,,
MS,viscosity_laplacian_acceleration,FAMILY_FOLD,F3|FOLD_4,0.03457094035544645,0.000351480396252704,,EVALUABLE,EXPLORATORY_CONSUMED_DIAGNOSTIC_ONLY,,,
MS,viscosity_laplacian_acceleration,FAMILY_FOLD,F4|FOLD_4,0.9809771868951183,0.00997352825291137,,EVALUABLE,EXPLORATORY_CONSUMED_DIAGNOSTIC_ONLY,,,
MS,viscosity_laplacian_acceleration,FAMILY_FOLD,F1|FOLD_5,0.09238145778041572,0.0010201462140483238,,EVALUABLE,EXPLORATORY_CONSUMED_DIAGNOSTIC_ONLY,,,
MS,viscosity_laplacian_acceleration,FAMILY_FOLD,F2|FOLD_5,0.11418126503965692,0.0012608762412293045,,EVALUABLE,EXPLORATORY_CONSUMED_DIAGNOSTIC_ONLY,,,
MS,viscosity_laplacian_acceleration,FAMILY_FOLD,F3|FOLD_5,0.10440830141073233,0.0011529557549583794,,EVALUABLE,EXPLORATORY_CONSUMED_DIAGNOSTIC_ONLY,,,
MS,viscosity_laplacian_acceleration,FAMILY_FOLD,F4|FOLD_5,0.21128753173598347,0.00233319738348806,,EVALUABLE,EXPLORATORY_CONSUMED_DIAGNOSTIC_ONLY,,,
MS,viscosity_laplacian_acceleration,TARGET_AMPLITUDE,LOW_LE_P25,,0.0007684372958377913,,EVALUABLE_RAW_RESIDUAL_ONLY,EXPLORATORY_CONSUMED_DIAGNOSTIC_ONLY,,0.0,0.005032981936004068
MS,viscosity_laplacian_acceleration,TARGET_AMPLITUDE,MID_P25_TO_P75,,0.0016099123006399043,,EVALUABLE_RAW_RESIDUAL_ONLY,EXPLORATORY_CONSUMED_DIAGNOSTIC_ONLY,,0.0,0.005032981936004068
MS,viscosity_laplacian_acceleration,TARGET_AMPLITUDE,HIGH_GE_P75,,0.005079199711202998,,EVALUABLE_RAW_RESIDUAL_ONLY,EXPLORATORY_CONSUMED_DIAGNOSTIC_ONLY,,0.0,0.005032981936004068
MS,viscosity_laplacian_acceleration,VECTOR_DIRECTION,X_COORDINATE,,0.0020538248284125904,,EVALUABLE_COORDINATE_COMPONENT_NOT_INTRINSIC_DIRECTION,EXPLORATORY_CONSUMED_DIAGNOSTIC_ONLY,,,
MS,viscosity_laplacian_acceleration,VECTOR_DIRECTION,Y_COORDINATE,,0.0018266391313417243,,EVALUABLE_COORDINATE_COMPONENT_NOT_INTRINSIC_DIRECTION,EXPLORATORY_CONSUMED_DIAGNOSTIC_ONLY,,,
MS,viscosity_laplacian_acceleration,DESIGN_ONLY_POLARIZATION,longitudinal,,0.00415311187303494,,EVALUABLE_RAW_RESIDUAL_ONLY,EXPLORATORY_CONSUMED_DIAGNOSTIC_ONLY,,,
MS,viscosity_laplacian_acceleration,DESIGN_ONLY_POLARIZATION,none,,0.0007684372958377913,,EVALUABLE_RAW_RESIDUAL_ONLY,EXPLORATORY_CONSUMED_DIAGNOSTIC_ONLY,,,
MS,viscosity_laplacian_acceleration,DESIGN_ONLY_POLARIZATION,transverse,,0.0028211739037888968,,EVALUABLE_RAW_RESIDUAL_ONLY,EXPLORATORY_CONSUMED_DIAGNOSTIC_ONLY,,,
