case_id,lambda,check,component,bitwise_equal,max_absolute_discrepancy,rms_discrepancy,tolerance,bitwise_required,passed,metric_value
TBQ_REGULAR_S20260812,0.75,graph_repeatability,graph_and_support_metadata,True,0.0,0.0,0.0,True,True,
TBQ_REGULAR_S20260812,0.75,operator_repeatability,density_rate,True,0.0,0.0,5.684341886080802e-14,True,True,
TBQ_REGULAR_S20260812,0.75,directed_edge_reorder_invariance,density_rate,False,2.220446049250313e-16,4.2169007112948635e-17,5.684341886080802e-14,False,True,
TBQ_REGULAR_S20260812,0.75,operator_repeatability,pressure_gradient_acceleration,True,0.0,0.0,5.684341886080802e-14,True,True,
TBQ_REGULAR_S20260812,0.75,directed_edge_reorder_invariance,pressure_gradient_acceleration,False,1.942890293094024e-16,4.382454321296269e-17,5.684341886080802e-14,False,True,
TBQ_REGULAR_S20260812,0.75,operator_repeatability,viscosity_laplacian_acceleration,True,0.0,0.0,5.684341886080802e-14,True,True,
TBQ_REGULAR_S20260812,0.75,directed_edge_reorder_invariance,viscosity_laplacian_acceleration,False,5.551115123125783e-17,1.0103558213949124e-17,5.684341886080802e-14,False,True,
TBQ_REGULAR_S20260812,0.75,particle_permutation_graph_equivariance,canonical_edge_set,True,0.0,0.0,0.0,True,True,
TBQ_REGULAR_S20260812,0.75,particle_permutation_equivariance,density_rate,False,4.996003610813204e-16,1.1777042093218903e-16,5.684341886080802e-14,False,True,
TBQ_REGULAR_S20260812,0.75,particle_permutation_equivariance,pressure_gradient_acceleration,False,1.124100812432971e-15,1.5090786746276846e-16,5.684341886080802e-14,False,True,
TBQ_REGULAR_S20260812,0.75,particle_permutation_equivariance,viscosity_laplacian_acceleration,False,2.5326962749261384e-16,5.455291558392228e-17,5.684341886080802e-14,False,True,
TBQ_REGULAR_S20260812,0.75,periodic_translation_graph_invariance,canonical_edge_set,True,0.0,0.0,0.0,True,True,
TBQ_REGULAR_S20260812,0.75,periodic_translation_invariance,density_rate,False,1.5543122344752192e-15,3.2432448128869407e-16,5.684341886080802e-14,False,True,
TBQ_REGULAR_S20260812,0.75,periodic_translation_invariance,pressure_gradient_acceleration,False,3.434752482434078e-15,4.923357807395608e-16,5.684341886080802e-14,False,True,
TBQ_REGULAR_S20260812,0.75,periodic_translation_invariance,viscosity_laplacian_acceleration,False,7.112366251504909e-16,1.574724251119502e-16,5.684341886080802e-14,False,True,
TBQ_REGULAR_S20260812,0.75,galilean_invariance,density_rate,False,6.661338147750939e-16,2.3351673368071035e-16,5.684341886080802e-14,False,True,
TBQ_REGULAR_S20260812,0.75,galilean_invariance,pressure_gradient_acceleration,True,0.0,0.0,5.684341886080802e-14,False,True,
TBQ_REGULAR_S20260812,0.75,galilean_invariance,viscosity_laplacian_acceleration,False,6.730727086790012e-16,2.8070631238024727e-16,5.684341886080802e-14,False,True,
TBQ_REGULAR_S20260812,0.75,uniform_velocity_identity,density_rate,True,0.0,0.0,0.0,True,True,
TBQ_REGULAR_S20260812,0.75,uniform_velocity_identity,viscosity_laplacian_acceleration,True,0.0,0.0,0.0,True,True,
TBQ_REGULAR_S20260812,0.75,pressure_pair_force_reciprocity,pressure,,,,5.684341886080802e-14,,True,0.0
TBQ_REGULAR_S20260812,0.75,pressure_global_internal_force_closure,pressure,,,,5.684341886080802e-14,,True,1.8610867173913205e-18
TBQ_REGULAR_S20260812,0.75,viscosity_gamma_symmetry,viscosity,,,,5.684341886080802e-14,,True,0.0
TBQ_REGULAR_S20260812,0.75,viscosity_pair_force_reciprocity,viscosity,,,,5.684341886080802e-14,,True,0.0
TBQ_REGULAR_S20260812,0.75,viscosity_global_internal_force_closure,viscosity,,,,5.684341886080802e-14,,True,2.773777257443901e-18
TBQ_REGULAR_S20260812,0.75,viscosity_gamma_nonnegative,viscosity,,,,0.0,,True,-0.0
TBQ_REGULAR_S20260812,0.75,viscosity_accumulated_power_nonpositive,viscosity,,,,5.684341886080802e-14,,True,-0.010841272769755501
TBQ_REGULAR_S20260812,0.75,viscosity_pair_power_nonpositive,viscosity,,,,5.684341886080802e-14,,True,-0.010841272769755501
TBQ_REGULAR_S20260812,0.75,viscosity_power_identity,viscosity,,,,5.684341886080802e-14,,True,0.0
TBQ_REGULAR_S20260812,0.75,total_acceleration_component_closure,total_acceleration,True,0.0,0.0,5.684341886080802e-14,True,True,
TBQ_REGULAR_S20260812,1.0,graph_repeatability,graph_and_support_metadata,True,0.0,0.0,0.0,True,True,
TBQ_REGULAR_S20260812,1.0,operator_repeatability,density_rate,True,0.0,0.0,5.684341886080802e-14,True,True,
TBQ_REGULAR_S20260812,1.0,directed_edge_reorder_invariance,density_rate,False,2.220446049250313e-16,5.417212414718637e-17,5.684341886080802e-14,False,True,
TBQ_REGULAR_S20260812,1.0,operator_repeatability,pressure_gradient_acceleration,True,0.0,0.0,5.684341886080802e-14,True,True,
TBQ_REGULAR_S20260812,1.0,directed_edge_reorder_invariance,pressure_gradient_acceleration,False,1.8735013540549517e-16,4.385823750402997e-17,5.684341886080802e-14,False,True,
TBQ_REGULAR_S20260812,1.0,operator_repeatability,viscosity_laplacian_acceleration,True,0.0,0.0,5.684341886080802e-14,True,True,
TBQ_REGULAR_S20260812,1.0,directed_edge_reorder_invariance,viscosity_laplacian_acceleration,False,4.163336342344337e-17,1.0081072222375852e-17,5.684341886080802e-14,False,True,
TBQ_REGULAR_S20260812,1.0,particle_permutation_graph_equivariance,canonical_edge_set,True,0.0,0.0,0.0,True,True,
TBQ_REGULAR_S20260812,1.0,particle_permutation_equivariance,density_rate,False,4.440892098500626e-16,9.414815576100169e-17,5.684341886080802e-14,False,True,
TBQ_REGULAR_S20260812,1.0,particle_permutation_equivariance,pressure_gradient_acceleration,False,4.649058915617843e-16,8.647690290847546e-17,5.684341886080802e-14,False,True,
TBQ_REGULAR_S20260812,1.0,particle_permutation_equivariance,viscosity_laplacian_acceleration,False,1.249000902703301e-16,2.4922910335661594e-17,5.684341886080802e-14,False,True,
TBQ_REGULAR_S20260812,1.0,periodic_translation_graph_invariance,canonical_edge_set,True,0.0,0.0,0.0,True,True,
TBQ_REGULAR_S20260812,1.0,periodic_translation_invariance,density_rate,False,8.326672684688674e-16,2.10549667432683e-16,5.684341886080802e-14,False,True,
TBQ_REGULAR_S20260812,1.0,periodic_translation_invariance,pressure_gradient_acceleration,False,1.061650767297806e-15,1.7057963340910122e-16,5.684341886080802e-14,False,True,
TBQ_REGULAR_S20260812,1.0,periodic_translation_invariance,viscosity_laplacian_acceleration,False,3.5735303605122226e-16,7.58880553430785e-17,5.684341886080802e-14,False,True,
TBQ_REGULAR_S20260812,1.0,galilean_invariance,density_rate,False,4.440892098500626e-16,1.348864478226806e-16,5.684341886080802e-14,False,True,
TBQ_REGULAR_S20260812,1.0,galilean_invariance,pressure_gradient_acceleration,True,0.0,0.0,5.684341886080802e-14,False,True,
TBQ_REGULAR_S20260812,1.0,galilean_invariance,viscosity_laplacian_acceleration,False,4.371503159461554e-16,1.8763287289351124e-16,5.684341886080802e-14,False,True,
TBQ_REGULAR_S20260812,1.0,uniform_velocity_identity,density_rate,True,0.0,0.0,0.0,True,True,
TBQ_REGULAR_S20260812,1.0,uniform_velocity_identity,viscosity_laplacian_acceleration,True,0.0,0.0,0.0,True,True,
TBQ_REGULAR_S20260812,1.0,pressure_pair_force_reciprocity,pressure,,,,5.684341886080802e-14,,True,0.0
TBQ_REGULAR_S20260812,1.0,pressure_global_internal_force_closure,pressure,,,,5.684341886080802e-14,,True,2.321257777331895e-18
TBQ_REGULAR_S20260812,1.0,viscosity_gamma_symmetry,viscosity,,,,5.684341886080802e-14,,True,0.0
TBQ_REGULAR_S20260812,1.0,viscosity_pair_force_reciprocity,viscosity,,,,5.684341886080802e-14,,True,0.0
TBQ_REGULAR_S20260812,1.0,viscosity_global_internal_force_closure,viscosity,,,,5.684341886080802e-14,,True,8.130599127954244e-18
TBQ_REGULAR_S20260812,1.0,viscosity_gamma_nonnegative,viscosity,,,,0.0,,True,-0.0
TBQ_REGULAR_S20260812,1.0,viscosity_accumulated_power_nonpositive,viscosity,,,,5.684341886080802e-14,,True,-0.010399498815355302
TBQ_REGULAR_S20260812,1.0,viscosity_pair_power_nonpositive,viscosity,,,,5.684341886080802e-14,,True,-0.010399498815355304
TBQ_REGULAR_S20260812,1.0,viscosity_power_identity,viscosity,,,,5.684341886080802e-14,,True,1.734723475976807e-18
TBQ_REGULAR_S20260812,1.0,total_acceleration_component_closure,total_acceleration,True,0.0,0.0,5.684341886080802e-14,True,True,
TBQ_REGULAR_S20260812,1.25,graph_repeatability,graph_and_support_metadata,True,0.0,0.0,0.0,True,True,
TBQ_REGULAR_S20260812,1.25,operator_repeatability,density_rate,True,0.0,0.0,5.684341886080802e-14,True,True,
TBQ_REGULAR_S20260812,1.25,directed_edge_reorder_invariance,density_rate,False,2.220446049250313e-16,5.303057831165493e-17,5.684341886080802e-14,False,True,
TBQ_REGULAR_S20260812,1.25,operator_repeatability,pressure_gradient_acceleration,True,0.0,0.0,5.684341886080802e-14,True,True,
TBQ_REGULAR_S20260812,1.25,directed_edge_reorder_invariance,pressure_gradient_acceleration,False,3.122502256758253e-16,4.207198066218413e-17,5.684341886080802e-14,False,True,
TBQ_REGULAR_S20260812,1.25,operator_repeatability,viscosity_laplacian_acceleration,True,0.0,0.0,5.684341886080802e-14,True,True,
TBQ_REGULAR_S20260812,1.25,directed_edge_reorder_invariance,viscosity_laplacian_acceleration,False,4.163336342344337e-17,9.964408484553349e-18,5.684341886080802e-14,False,True,
TBQ_REGULAR_S20260812,1.25,particle_permutation_graph_equivariance,canonical_edge_set,True,0.0,0.0,0.0,True,True,
TBQ_REGULAR_S20260812,1.25,particle_permutation_equivariance,density_rate,False,3.3306690738754696e-16,7.886475970296746e-17,5.684341886080802e-14,False,True,
TBQ_REGULAR_S20260812,1.25,particle_permutation_equivariance,pressure_gradient_acceleration,False,2.636779683484747e-16,5.859947529787643e-17,5.684341886080802e-14,False,True,
TBQ_REGULAR_S20260812,1.25,particle_permutation_equivariance,viscosity_laplacian_acceleration,False,8.326672684688674e-17,1.7127706482435453e-17,5.684341886080802e-14,False,True,
TBQ_REGULAR_S20260812,1.25,periodic_translation_graph_invariance,canonical_edge_set,True,0.0,0.0,0.0,True,True,
TBQ_REGULAR_S20260812,1.25,periodic_translation_invariance,density_rate,False,5.551115123125783e-16,1.4461665718817865e-16,5.684341886080802e-14,False,True,
TBQ_REGULAR_S20260812,1.25,periodic_translation_invariance,pressure_gradient_acceleration,False,5.273559366969494e-16,8.135119062291979e-17,5.684341886080802e-14,False,True,
TBQ_REGULAR_S20260812,1.25,periodic_translation_invariance,viscosity_laplacian_acceleration,False,2.0122792321330962e-16,4.374014167352739e-17,5.684341886080802e-14,False,True,
TBQ_REGULAR_S20260812,1.25,galilean_invariance,density_rate,False,3.3306690738754696e-16,9.48769346167736e-17,5.684341886080802e-14,False,True,
TBQ_REGULAR_S20260812,1.25,galilean_invariance,pressure_gradient_acceleration,True,0.0,0.0,5.684341886080802e-14,False,True,
TBQ_REGULAR_S20260812,1.25,galilean_invariance,viscosity_laplacian_acceleration,False,2.914335439641036e-16,1.2811827960145543e-16,5.684341886080802e-14,False,True,
TBQ_REGULAR_S20260812,1.25,uniform_velocity_identity,density_rate,True,0.0,0.0,0.0,True,True,
TBQ_REGULAR_S20260812,1.25,uniform_velocity_identity,viscosity_laplacian_acceleration,True,0.0,0.0,0.0,True,True,
TBQ_REGULAR_S20260812,1.25,pressure_pair_force_reciprocity,pressure,,,,5.684341886080802e-14,,True,0.0
TBQ_REGULAR_S20260812,1.25,pressure_global_internal_force_closure,pressure,,,,5.684341886080802e-14,,True,1.878004938417545e-18
TBQ_REGULAR_S20260812,1.25,viscosity_gamma_symmetry,viscosity,,,,5.684341886080802e-14,,True,0.0
TBQ_REGULAR_S20260812,1.25,viscosity_pair_force_reciprocity,viscosity,,,,5.684341886080802e-14,,True,0.0
TBQ_REGULAR_S20260812,1.25,viscosity_global_internal_force_closure,viscosity,,,,5.684341886080802e-14,,True,3.514725796621992e-18
TBQ_REGULAR_S20260812,1.25,viscosity_gamma_nonnegative,viscosity,,,,0.0,,True,-0.0
TBQ_REGULAR_S20260812,1.25,viscosity_accumulated_power_nonpositive,viscosity,,,,5.684341886080802e-14,,True,-0.009772392313905235
TBQ_REGULAR_S20260812,1.25,viscosity_pair_power_nonpositive,viscosity,,,,5.684341886080802e-14,,True,-0.009772392313905236
TBQ_REGULAR_S20260812,1.25,viscosity_power_identity,viscosity,,,,5.684341886080802e-14,,True,1.734723475976807e-18
TBQ_REGULAR_S20260812,1.25,total_acceleration_component_closure,total_acceleration,True,0.0,0.0,5.684341886080802e-14,True,True,
TBQ_REGULAR_S20260812,1.5,graph_repeatability,graph_and_support_metadata,True,0.0,0.0,0.0,True,True,
TBQ_REGULAR_S20260812,1.5,operator_repeatability,density_rate,True,0.0,0.0,5.684341886080802e-14,True,True,
TBQ_REGULAR_S20260812,1.5,directed_edge_reorder_invariance,density_rate,False,2.220446049250313e-16,5.856297736590162e-17,5.684341886080802e-14,False,True,
TBQ_REGULAR_S20260812,1.5,operator_repeatability,pressure_gradient_acceleration,True,0.0,0.0,5.684341886080802e-14,True,True,
TBQ_REGULAR_S20260812,1.5,directed_edge_reorder_invariance,pressure_gradient_acceleration,False,2.1510571102112408e-16,3.94553809624578e-17,5.684341886080802e-14,False,True,
TBQ_REGULAR_S20260812,1.5,operator_repeatability,viscosity_laplacian_acceleration,True,0.0,0.0,5.684341886080802e-14,True,True,
TBQ_REGULAR_S20260812,1.5,directed_edge_reorder_invariance,viscosity_laplacian_acceleration,False,5.551115123125783e-17,9.249758364324532e-18,5.684341886080802e-14,False,True,
TBQ_REGULAR_S20260812,1.5,particle_permutation_graph_equivariance,canonical_edge_set,True,0.0,0.0,0.0,True,True,
TBQ_REGULAR_S20260812,1.5,particle_permutation_equivariance,density_rate,False,3.3306690738754696e-16,6.906593828685362e-17,5.684341886080802e-14,False,True,
TBQ_REGULAR_S20260812,1.5,particle_permutation_equivariance,pressure_gradient_acceleration,False,3.885780586188048e-16,4.648364999163309e-17,5.684341886080802e-14,False,True,
TBQ_REGULAR_S20260812,1.5,particle_permutation_equivariance,viscosity_laplacian_acceleration,False,8.326672684688674e-17,1.2901259239843178e-17,5.684341886080802e-14,False,True,
TBQ_REGULAR_S20260812,1.5,periodic_translation_graph_invariance,canonical_edge_set,True,0.0,0.0,0.0,True,True,
TBQ_REGULAR_S20260812,1.5,periodic_translation_invariance,density_rate,False,3.885780586188048e-16,9.635970789811419e-17,5.684341886080802e-14,False,True,
TBQ_REGULAR_S20260812,1.5,periodic_translation_invariance,pressure_gradient_acceleration,False,2.3592239273284576e-16,5.251337820618712e-17,5.684341886080802e-14,False,True,
TBQ_REGULAR_S20260812,1.5,periodic_translation_invariance,viscosity_laplacian_acceleration,False,1.1102230246251565e-16,2.310951702546075e-17,5.684341886080802e-14,False,True,
TBQ_REGULAR_S20260812,1.5,galilean_invariance,density_rate,False,2.220446049250313e-16,6.953079440584012e-17,5.684341886080802e-14,False,True,
TBQ_REGULAR_S20260812,1.5,galilean_invariance,pressure_gradient_acceleration,True,0.0,0.0,5.684341886080802e-14,False,True,
TBQ_REGULAR_S20260812,1.5,galilean_invariance,viscosity_laplacian_acceleration,False,2.0816681711721685e-16,9.205540478318159e-17,5.684341886080802e-14,False,True,
TBQ_REGULAR_S20260812,1.5,uniform_velocity_identity,density_rate,True,0.0,0.0,0.0,True,True,
TBQ_REGULAR_S20260812,1.5,uniform_velocity_identity,viscosity_laplacian_acceleration,True,0.0,0.0,0.0,True,True,
TBQ_REGULAR_S20260812,1.5,pressure_pair_force_reciprocity,pressure,,,,5.684341886080802e-14,,True,0.0
TBQ_REGULAR_S20260812,1.5,pressure_global_internal_force_closure,pressure,,,,5.684341886080802e-14,,True,9.159753075863036e-18
TBQ_REGULAR_S20260812,1.5,viscosity_gamma_symmetry,viscosity,,,,5.684341886080802e-14,,True,0.0
TBQ_REGULAR_S20260812,1.5,viscosity_pair_force_reciprocity,viscosity,,,,5.684341886080802e-14,,True,0.0
TBQ_REGULAR_S20260812,1.5,viscosity_global_internal_force_closure,viscosity,,,,5.684341886080802e-14,,True,3.2973140580490657e-18
TBQ_REGULAR_S20260812,1.5,viscosity_gamma_nonnegative,viscosity,,,,0.0,,True,-0.0
TBQ_REGULAR_S20260812,1.5,viscosity_accumulated_power_nonpositive,viscosity,,,,5.684341886080802e-14,,True,-0.00906177745169582
TBQ_REGULAR_S20260812,1.5,viscosity_pair_power_nonpositive,viscosity,,,,5.684341886080802e-14,,True,-0.00906177745169582
TBQ_REGULAR_S20260812,1.5,viscosity_power_identity,viscosity,,,,5.684341886080802e-14,,True,0.0
TBQ_REGULAR_S20260812,1.5,total_acceleration_component_closure,total_acceleration,True,0.0,0.0,5.684341886080802e-14,True,True,
TBQ_JITTER05_S20260829,0.75,graph_repeatability,graph_and_support_metadata,True,0.0,0.0,0.0,True,True,
TBQ_JITTER05_S20260829,0.75,operator_repeatability,density_rate,True,0.0,0.0,5.684341886080802e-14,True,True,
TBQ_JITTER05_S20260829,0.75,directed_edge_reorder_invariance,density_rate,False,2.220446049250313e-16,5.756005179027352e-17,5.684341886080802e-14,False,True,
TBQ_JITTER05_S20260829,0.75,operator_repeatability,pressure_gradient_acceleration,True,0.0,0.0,5.684341886080802e-14,True,True,
TBQ_JITTER05_S20260829,0.75,directed_edge_reorder_invariance,pressure_gradient_acceleration,False,3.7470027081099033e-16,5.452586042267989e-17,5.684341886080802e-14,False,True,
TBQ_JITTER05_S20260829,0.75,operator_repeatability,viscosity_laplacian_acceleration,True,0.0,0.0,5.684341886080802e-14,True,True,
TBQ_JITTER05_S20260829,0.75,directed_edge_reorder_invariance,viscosity_laplacian_acceleration,False,5.204170427930421e-17,1.0424126442037231e-17,5.684341886080802e-14,False,True,
TBQ_JITTER05_S20260829,0.75,particle_permutation_graph_equivariance,canonical_edge_set,True,0.0,0.0,0.0,True,True,
TBQ_JITTER05_S20260829,0.75,particle_permutation_equivariance,density_rate,False,5.551115123125783e-16,1.324264573003172e-16,5.684341886080802e-14,False,True,
TBQ_JITTER05_S20260829,0.75,particle_permutation_equivariance,pressure_gradient_acceleration,False,1.3461454173580023e-15,1.8514214528619846e-16,5.684341886080802e-14,False,True,
TBQ_JITTER05_S20260829,0.75,particle_permutation_equivariance,viscosity_laplacian_acceleration,False,2.983724378680108e-16,5.142574165764919e-17,5.684341886080802e-14,False,True,
TBQ_JITTER05_S20260829,0.75,periodic_translation_graph_invariance,canonical_edge_set,True,0.0,0.0,0.0,True,True,
TBQ_JITTER05_S20260829,0.75,periodic_translation_invariance,density_rate,False,1.2490009027033011e-15,2.411448491707186e-16,5.684341886080802e-14,False,True,
TBQ_JITTER05_S20260829,0.75,periodic_translation_invariance,pressure_gradient_acceleration,False,3.247402347028583e-15,3.2833574823644366e-16,5.684341886080802e-14,False,True,
TBQ_JITTER05_S20260829,0.75,periodic_translation_invariance,viscosity_laplacian_acceleration,False,1.0859368959614812e-15,1.4848765161943298e-16,5.684341886080802e-14,False,True,
TBQ_JITTER05_S20260829,0.75,galilean_invariance,density_rate,False,7.771561172376096e-16,2.219274481838472e-16,5.684341886080802e-14,False,True,
TBQ_JITTER05_S20260829,0.75,galilean_invariance,pressure_gradient_acceleration,True,0.0,0.0,5.684341886080802e-14,False,True,
TBQ_JITTER05_S20260829,0.75,galilean_invariance,viscosity_laplacian_acceleration,False,7.216449660063518e-16,2.874514409452488e-16,5.684341886080802e-14,False,True,
TBQ_JITTER05_S20260829,0.75,uniform_velocity_identity,density_rate,True,0.0,0.0,0.0,True,True,
TBQ_JITTER05_S20260829,0.75,uniform_velocity_identity,viscosity_laplacian_acceleration,True,0.0,0.0,0.0,True,True,
TBQ_JITTER05_S20260829,0.75,pressure_pair_force_reciprocity,pressure,,,,5.684341886080802e-14,,True,0.0
TBQ_JITTER05_S20260829,0.75,pressure_global_internal_force_closure,pressure,,,,5.684341886080802e-14,,True,2.7436865448830928e-18
TBQ_JITTER05_S20260829,0.75,viscosity_gamma_symmetry,viscosity,,,,5.684341886080802e-14,,True,0.0
TBQ_JITTER05_S20260829,0.75,viscosity_pair_force_reciprocity,viscosity,,,,5.684341886080802e-14,,True,0.0
TBQ_JITTER05_S20260829,0.75,viscosity_global_internal_force_closure,viscosity,,,,5.684341886080802e-14,,True,2.987127658325036e-18
TBQ_JITTER05_S20260829,0.75,viscosity_gamma_nonnegative,viscosity,,,,0.0,,True,1.871891226458218e-19
TBQ_JITTER05_S20260829,0.75,viscosity_accumulated_power_nonpositive,viscosity,,,,5.684341886080802e-14,,True,-0.010817944253052932
TBQ_JITTER05_S20260829,0.75,viscosity_pair_power_nonpositive,viscosity,,,,5.684341886080802e-14,,True,-0.010817944253052934
TBQ_JITTER05_S20260829,0.75,viscosity_power_identity,viscosity,,,,5.684341886080802e-14,,True,1.734723475976807e-18
TBQ_JITTER05_S20260829,0.75,total_acceleration_component_closure,total_acceleration,True,0.0,0.0,5.684341886080802e-14,True,True,
TBQ_JITTER05_S20260829,1.0,graph_repeatability,graph_and_support_metadata,True,0.0,0.0,0.0,True,True,
TBQ_JITTER05_S20260829,1.0,operator_repeatability,density_rate,True,0.0,0.0,5.684341886080802e-14,True,True,
TBQ_JITTER05_S20260829,1.0,directed_edge_reorder_invariance,density_rate,False,2.220446049250313e-16,5.697729706338844e-17,5.684341886080802e-14,False,True,
TBQ_JITTER05_S20260829,1.0,operator_repeatability,pressure_gradient_acceleration,True,0.0,0.0,5.684341886080802e-14,True,True,
TBQ_JITTER05_S20260829,1.0,directed_edge_reorder_invariance,pressure_gradient_acceleration,False,2.498001805406602e-16,4.7092015548034766e-17,5.684341886080802e-14,False,True,
TBQ_JITTER05_S20260829,1.0,operator_repeatability,viscosity_laplacian_acceleration,True,0.0,0.0,5.684341886080802e-14,True,True,
TBQ_JITTER05_S20260829,1.0,directed_edge_reorder_invariance,viscosity_laplacian_acceleration,False,4.5102810375396984e-17,1.1434628390607011e-17,5.684341886080802e-14,False,True,
TBQ_JITTER05_S20260829,1.0,particle_permutation_graph_equivariance,canonical_edge_set,True,0.0,0.0,0.0,True,True,
TBQ_JITTER05_S20260829,1.0,particle_permutation_equivariance,density_rate,False,4.440892098500626e-16,9.030506696679851e-17,5.684341886080802e-14,False,True,
TBQ_JITTER05_S20260829,1.0,particle_permutation_equivariance,pressure_gradient_acceleration,False,5.898059818321144e-16,9.793660251886672e-17,5.684341886080802e-14,False,True,
TBQ_JITTER05_S20260829,1.0,particle_permutation_equivariance,viscosity_laplacian_acceleration,False,1.249000902703301e-16,2.451474643888304e-17,5.684341886080802e-14,False,True,
TBQ_JITTER05_S20260829,1.0,periodic_translation_graph_invariance,canonical_edge_set,True,0.0,0.0,0.0,True,True,
TBQ_JITTER05_S20260829,1.0,periodic_translation_invariance,density_rate,False,1.0547118733938987e-15,1.6526175055300515e-16,5.684341886080802e-14,False,True,
TBQ_JITTER05_S20260829,1.0,periodic_translation_invariance,pressure_gradient_acceleration,False,9.43689570931383e-16,1.348657247722561e-16,5.684341886080802e-14,False,True,
TBQ_JITTER05_S20260829,1.0,periodic_translation_invariance,viscosity_laplacian_acceleration,False,4.683753385137379e-16,7.20806632258351e-17,5.684341886080802e-14,False,True,
TBQ_JITTER05_S20260829,1.0,galilean_invariance,density_rate,False,4.440892098500626e-16,1.3312095475810114e-16,5.684341886080802e-14,False,True,
TBQ_JITTER05_S20260829,1.0,galilean_invariance,pressure_gradient_acceleration,True,0.0,0.0,5.684341886080802e-14,False,True,
TBQ_JITTER05_S20260829,1.0,galilean_invariance,viscosity_laplacian_acceleration,False,4.440892098500626e-16,1.8866049925537671e-16,5.684341886080802e-14,False,True,
TBQ_JITTER05_S20260829,1.0,uniform_velocity_identity,density_rate,True,0.0,0.0,0.0,True,True,
TBQ_JITTER05_S20260829,1.0,uniform_velocity_identity,viscosity_laplacian_acceleration,True,0.0,0.0,0.0,True,True,
TBQ_JITTER05_S20260829,1.0,pressure_pair_force_reciprocity,pressure,,,,5.684341886080802e-14,,True,0.0
TBQ_JITTER05_S20260829,1.0,pressure_global_internal_force_closure,pressure,,,,5.684341886080802e-14,,True,2.6437249331739004e-18
TBQ_JITTER05_S20260829,1.0,viscosity_gamma_symmetry,viscosity,,,,5.684341886080802e-14,,True,0.0
TBQ_JITTER05_S20260829,1.0,viscosity_pair_force_reciprocity,viscosity,,,,5.684341886080802e-14,,True,0.0
TBQ_JITTER05_S20260829,1.0,viscosity_global_internal_force_closure,viscosity,,,,5.684341886080802e-14,,True,1.7706883080228555e-18
TBQ_JITTER05_S20260829,1.0,viscosity_gamma_nonnegative,viscosity,,,,0.0,,True,9.124521297923093e-23
TBQ_JITTER05_S20260829,1.0,viscosity_accumulated_power_nonpositive,viscosity,,,,5.684341886080802e-14,,True,-0.010386937765282309
TBQ_JITTER05_S20260829,1.0,viscosity_pair_power_nonpositive,viscosity,,,,5.684341886080802e-14,,True,-0.010386937765282309
TBQ_JITTER05_S20260829,1.0,viscosity_power_identity,viscosity,,,,5.684341886080802e-14,,True,0.0
TBQ_JITTER05_S20260829,1.0,total_acceleration_component_closure,total_acceleration,True,0.0,0.0,5.684341886080802e-14,True,True,
TBQ_JITTER05_S20260829,1.25,graph_repeatability,graph_and_support_metadata,True,0.0,0.0,0.0,True,True,
TBQ_JITTER05_S20260829,1.25,operator_repeatability,density_rate,True,0.0,0.0,5.684341886080802e-14,True,True,
TBQ_JITTER05_S20260829,1.25,directed_edge_reorder_invariance,density_rate,False,2.7755575615628914e-16,6.858071780492982e-17,5.684341886080802e-14,False,True,
TBQ_JITTER05_S20260829,1.25,operator_repeatability,pressure_gradient_acceleration,True,0.0,0.0,5.684341886080802e-14,True,True,
TBQ_JITTER05_S20260829,1.25,directed_edge_reorder_invariance,pressure_gradient_acceleration,False,2.498001805406602e-16,4.688424681987763e-17,5.684341886080802e-14,False,True,
TBQ_JITTER05_S20260829,1.25,operator_repeatability,viscosity_laplacian_acceleration,True,0.0,0.0,5.684341886080802e-14,True,True,
TBQ_JITTER05_S20260829,1.25,directed_edge_reorder_invariance,viscosity_laplacian_acceleration,False,5.551115123125783e-17,1.1427458609619983e-17,5.684341886080802e-14,False,True,
TBQ_JITTER05_S20260829,1.25,particle_permutation_graph_equivariance,canonical_edge_set,True,0.0,0.0,0.0,True,True,
TBQ_JITTER05_S20260829,1.25,particle_permutation_equivariance,density_rate,False,4.440892098500626e-16,8.164508694815819e-17,5.684341886080802e-14,False,True,
TBQ_JITTER05_S20260829,1.25,particle_permutation_equivariance,pressure_gradient_acceleration,False,3.2612801348363973e-16,6.260706613233735e-17,5.684341886080802e-14,False,True,
TBQ_JITTER05_S20260829,1.25,particle_permutation_equivariance,viscosity_laplacian_acceleration,False,7.979727989493313e-17,1.6455980270143358e-17,5.684341886080802e-14,False,True,
TBQ_JITTER05_S20260829,1.25,periodic_translation_graph_invariance,canonical_edge_set,True,0.0,0.0,0.0,True,True,
TBQ_JITTER05_S20260829,1.25,periodic_translation_invariance,density_rate,False,9.575673587391975e-16,1.3430942398243472e-16,5.684341886080802e-14,False,True,
TBQ_JITTER05_S20260829,1.25,periodic_translation_invariance,pressure_gradient_acceleration,False,3.608224830031759e-16,8.346714324923878e-17,5.684341886080802e-14,False,True,
TBQ_JITTER05_S20260829,1.25,periodic_translation_invariance,viscosity_laplacian_acceleration,False,2.7755575615628914e-16,4.101751546827244e-17,5.684341886080802e-14,False,True,
TBQ_JITTER05_S20260829,1.25,galilean_invariance,density_rate,False,2.7755575615628914e-16,8.869984248206772e-17,5.684341886080802e-14,False,True,
TBQ_JITTER05_S20260829,1.25,galilean_invariance,pressure_gradient_acceleration,True,0.0,0.0,5.684341886080802e-14,False,True,
TBQ_JITTER05_S20260829,1.25,galilean_invariance,viscosity_laplacian_acceleration,False,2.914335439641036e-16,1.2912003642732186e-16,5.684341886080802e-14,False,True,
TBQ_JITTER05_S20260829,1.25,uniform_velocity_identity,density_rate,True,0.0,0.0,0.0,True,True,
TBQ_JITTER05_S20260829,1.25,uniform_velocity_identity,viscosity_laplacian_acceleration,True,0.0,0.0,0.0,True,True,
TBQ_JITTER05_S20260829,1.25,pressure_pair_force_reciprocity,pressure,,,,5.684341886080802e-14,,True,0.0
TBQ_JITTER05_S20260829,1.25,pressure_global_internal_force_closure,pressure,,,,5.684341886080802e-14,,True,4.9044025016088604e-18
TBQ_JITTER05_S20260829,1.25,viscosity_gamma_symmetry,viscosity,,,,5.684341886080802e-14,,True,0.0
TBQ_JITTER05_S20260829,1.25,viscosity_pair_force_reciprocity,viscosity,,,,5.684341886080802e-14,,True,0.0
TBQ_JITTER05_S20260829,1.25,viscosity_global_internal_force_closure,viscosity,,,,5.684341886080802e-14,,True,2.7741063850235662e-18
TBQ_JITTER05_S20260829,1.25,viscosity_gamma_nonnegative,viscosity,,,,0.0,,True,2.2187941926362063e-22
TBQ_JITTER05_S20260829,1.25,viscosity_accumulated_power_nonpositive,viscosity,,,,5.684341886080802e-14,,True,-0.009766540301875341
TBQ_JITTER05_S20260829,1.25,viscosity_pair_power_nonpositive,viscosity,,,,5.684341886080802e-14,,True,-0.009766540301875341
TBQ_JITTER05_S20260829,1.25,viscosity_power_identity,viscosity,,,,5.684341886080802e-14,,True,0.0
TBQ_JITTER05_S20260829,1.25,total_acceleration_component_closure,total_acceleration,True,0.0,0.0,5.684341886080802e-14,True,True,
TBQ_JITTER05_S20260829,1.5,graph_repeatability,graph_and_support_metadata,True,0.0,0.0,0.0,True,True,
TBQ_JITTER05_S20260829,1.5,operator_repeatability,density_rate,True,0.0,0.0,5.684341886080802e-14,True,True,
TBQ_JITTER05_S20260829,1.5,directed_edge_reorder_invariance,density_rate,False,2.220446049250313e-16,5.817613288291155e-17,5.684341886080802e-14,False,True,
TBQ_JITTER05_S20260829,1.5,operator_repeatability,pressure_gradient_acceleration,True,0.0,0.0,5.684341886080802e-14,True,True,
TBQ_JITTER05_S20260829,1.5,directed_edge_reorder_invariance,pressure_gradient_acceleration,False,1.8735013540549517e-16,4.1856655952238715e-17,5.684341886080802e-14,False,True,
TBQ_JITTER05_S20260829,1.5,operator_repeatability,viscosity_laplacian_acceleration,True,0.0,0.0,5.684341886080802e-14,True,True,
TBQ_JITTER05_S20260829,1.5,directed_edge_reorder_invariance,viscosity_laplacian_acceleration,False,4.85722573273506e-17,1.0217770641050607e-17,5.684341886080802e-14,False,True,
TBQ_JITTER05_S20260829,1.5,particle_permutation_graph_equivariance,canonical_edge_set,True,0.0,0.0,0.0,True,True,
TBQ_JITTER05_S20260829,1.5,particle_permutation_equivariance,density_rate,False,2.220446049250313e-16,6.642572837840195e-17,5.684341886080802e-14,False,True,
TBQ_JITTER05_S20260829,1.5,particle_permutation_equivariance,pressure_gradient_acceleration,False,2.42861286636753e-16,4.899125495111727e-17,5.684341886080802e-14,False,True,
TBQ_JITTER05_S20260829,1.5,particle_permutation_equivariance,viscosity_laplacian_acceleration,False,5.551115123125783e-17,1.2590277466449138e-17,5.684341886080802e-14,False,True,
TBQ_JITTER05_S20260829,1.5,periodic_translation_graph_invariance,canonical_edge_set,True,0.0,0.0,0.0,True,True,
TBQ_JITTER05_S20260829,1.5,periodic_translation_invariance,density_rate,False,6.245004513516506e-16,1.1251230521880692e-16,5.684341886080802e-14,False,True,
TBQ_JITTER05_S20260829,1.5,periodic_translation_invariance,pressure_gradient_acceleration,False,2.983724378680108e-16,5.638862143746338e-17,5.684341886080802e-14,False,True,
TBQ_JITTER05_S20260829,1.5,periodic_translation_invariance,viscosity_laplacian_acceleration,False,1.5959455978986625e-16,2.4663974391068002e-17,5.684341886080802e-14,False,True,
TBQ_JITTER05_S20260829,1.5,galilean_invariance,density_rate,False,3.3306690738754696e-16,7.06846602081035e-17,5.684341886080802e-14,False,True,
TBQ_JITTER05_S20260829,1.5,galilean_invariance,pressure_gradient_acceleration,True,0.0,0.0,5.684341886080802e-14,False,True,
TBQ_JITTER05_S20260829,1.5,galilean_invariance,viscosity_laplacian_acceleration,False,1.942890293094024e-16,9.2438801950483e-17,5.684341886080802e-14,False,True,
TBQ_JITTER05_S20260829,1.5,uniform_velocity_identity,density_rate,True,0.0,0.0,0.0,True,True,
TBQ_JITTER05_S20260829,1.5,uniform_velocity_identity,viscosity_laplacian_acceleration,True,0.0,0.0,0.0,True,True,
TBQ_JITTER05_S20260829,1.5,pressure_pair_force_reciprocity,pressure,,,,5.684341886080802e-14,,True,0.0
TBQ_JITTER05_S20260829,1.5,pressure_global_internal_force_closure,pressure,,,,5.684341886080802e-14,,True,4.1612838302170886e-18
TBQ_JITTER05_S20260829,1.5,viscosity_gamma_symmetry,viscosity,,,,5.684341886080802e-14,,True,0.0
TBQ_JITTER05_S20260829,1.5,viscosity_pair_force_reciprocity,viscosity,,,,5.684341886080802e-14,,True,0.0
TBQ_JITTER05_S20260829,1.5,viscosity_global_internal_force_closure,viscosity,,,,5.684341886080802e-14,,True,6.2951144420112974e-18
TBQ_JITTER05_S20260829,1.5,viscosity_gamma_nonnegative,viscosity,,,,0.0,,True,2.3864230711739573e-24
TBQ_JITTER05_S20260829,1.5,viscosity_accumulated_power_nonpositive,viscosity,,,,5.684341886080802e-14,,True,-0.009060695387545954
TBQ_JITTER05_S20260829,1.5,viscosity_pair_power_nonpositive,viscosity,,,,5.684341886080802e-14,,True,-0.009060695387545954
TBQ_JITTER05_S20260829,1.5,viscosity_power_identity,viscosity,,,,5.684341886080802e-14,,True,0.0
TBQ_JITTER05_S20260829,1.5,total_acceleration_component_closure,total_acceleration,True,0.0,0.0,5.684341886080802e-14,True,True,
TBQ_JITTER10_S20260847,0.75,graph_repeatability,graph_and_support_metadata,True,0.0,0.0,0.0,True,True,
TBQ_JITTER10_S20260847,0.75,operator_repeatability,density_rate,True,0.0,0.0,5.684341886080802e-14,True,True,
TBQ_JITTER10_S20260847,0.75,directed_edge_reorder_invariance,density_rate,False,3.3306690738754696e-16,5.284837346482317e-17,5.684341886080802e-14,False,True,
TBQ_JITTER10_S20260847,0.75,operator_repeatability,pressure_gradient_acceleration,True,0.0,0.0,5.684341886080802e-14,True,True,
TBQ_JITTER10_S20260847,0.75,directed_edge_reorder_invariance,pressure_gradient_acceleration,False,2.498001805406602e-16,4.835336404994854e-17,5.684341886080802e-14,False,True,
TBQ_JITTER10_S20260847,0.75,operator_repeatability,viscosity_laplacian_acceleration,True,0.0,0.0,5.684341886080802e-14,True,True,
TBQ_JITTER10_S20260847,0.75,directed_edge_reorder_invariance,viscosity_laplacian_acceleration,False,6.938893903907228e-17,1.132015839331777e-17,5.684341886080802e-14,False,True,
TBQ_JITTER10_S20260847,0.75,particle_permutation_graph_equivariance,canonical_edge_set,True,0.0,0.0,0.0,True,True,
TBQ_JITTER10_S20260847,0.75,particle_permutation_equivariance,density_rate,False,6.661338147750939e-16,1.332115770877425e-16,5.684341886080802e-14,False,True,
TBQ_JITTER10_S20260847,0.75,particle_permutation_equivariance,pressure_gradient_acceleration,False,1.0269562977782698e-15,1.8702534647275926e-16,5.684341886080802e-14,False,True,
TBQ_JITTER10_S20260847,0.75,particle_permutation_equivariance,viscosity_laplacian_acceleration,False,3.3306690738754696e-16,5.1922686718509e-17,5.684341886080802e-14,False,True,
TBQ_JITTER10_S20260847,0.75,periodic_translation_graph_invariance,canonical_edge_set,True,0.0,0.0,0.0,True,True,
TBQ_JITTER10_S20260847,0.75,periodic_translation_invariance,density_rate,False,1.2490009027033011e-15,2.490405283847732e-16,5.684341886080802e-14,False,True,
TBQ_JITTER10_S20260847,0.75,periodic_translation_invariance,pressure_gradient_acceleration,False,2.7478019859472624e-15,3.309352294483712e-16,5.684341886080802e-14,False,True,
TBQ_JITTER10_S20260847,0.75,periodic_translation_invariance,viscosity_laplacian_acceleration,False,1.096345236817342e-15,1.571444674623396e-16,5.684341886080802e-14,False,True,
TBQ_JITTER10_S20260847,0.75,galilean_invariance,density_rate,False,7.216449660063518e-16,2.204109784617474e-16,5.684341886080802e-14,False,True,
TBQ_JITTER10_S20260847,0.75,galilean_invariance,pressure_gradient_acceleration,True,0.0,0.0,5.684341886080802e-14,False,True,
TBQ_JITTER10_S20260847,0.75,galilean_invariance,viscosity_laplacian_acceleration,False,6.938893903907228e-16,2.8762889189682843e-16,5.684341886080802e-14,False,True,
TBQ_JITTER10_S20260847,0.75,uniform_velocity_identity,density_rate,True,0.0,0.0,0.0,True,True,
TBQ_JITTER10_S20260847,0.75,uniform_velocity_identity,viscosity_laplacian_acceleration,True,0.0,0.0,0.0,True,True,
TBQ_JITTER10_S20260847,0.75,pressure_pair_force_reciprocity,pressure,,,,5.684341886080802e-14,,True,0.0
TBQ_JITTER10_S20260847,0.75,pressure_global_internal_force_closure,pressure,,,,5.684341886080802e-14,,True,1.630933811892316e-18
TBQ_JITTER10_S20260847,0.75,viscosity_gamma_symmetry,viscosity,,,,5.684341886080802e-14,,True,0.0
TBQ_JITTER10_S20260847,0.75,viscosity_pair_force_reciprocity,viscosity,,,,5.684341886080802e-14,,True,0.0
TBQ_JITTER10_S20260847,0.75,viscosity_global_internal_force_closure,viscosity,,,,5.684341886080802e-14,,True,1.4662892767267243e-18
TBQ_JITTER10_S20260847,0.75,viscosity_gamma_nonnegative,viscosity,,,,0.0,,True,2.681555471398081e-19
TBQ_JITTER10_S20260847,0.75,viscosity_accumulated_power_nonpositive,viscosity,,,,5.684341886080802e-14,,True,-0.010792668712164503
TBQ_JITTER10_S20260847,0.75,viscosity_pair_power_nonpositive,viscosity,,,,5.684341886080802e-14,,True,-0.010792668712164503
TBQ_JITTER10_S20260847,0.75,viscosity_power_identity,viscosity,,,,5.684341886080802e-14,,True,0.0
TBQ_JITTER10_S20260847,0.75,total_acceleration_component_closure,total_acceleration,True,0.0,0.0,5.684341886080802e-14,True,True,
TBQ_JITTER10_S20260847,1.0,graph_repeatability,graph_and_support_metadata,True,0.0,0.0,0.0,True,True,
TBQ_JITTER10_S20260847,1.0,operator_repeatability,density_rate,True,0.0,0.0,5.684341886080802e-14,True,True,
TBQ_JITTER10_S20260847,1.0,directed_edge_reorder_invariance,density_rate,False,2.220446049250313e-16,5.942324744439761e-17,5.684341886080802e-14,False,True,
TBQ_JITTER10_S20260847,1.0,operator_repeatability,pressure_gradient_acceleration,True,0.0,0.0,5.684341886080802e-14,True,True,
TBQ_JITTER10_S20260847,1.0,directed_edge_reorder_invariance,pressure_gradient_acceleration,False,3.122502256758253e-16,4.853307170907963e-17,5.684341886080802e-14,False,True,
TBQ_JITTER10_S20260847,1.0,operator_repeatability,viscosity_laplacian_acceleration,True,0.0,0.0,5.684341886080802e-14,True,True,
TBQ_JITTER10_S20260847,1.0,directed_edge_reorder_invariance,viscosity_laplacian_acceleration,False,4.163336342344337e-17,1.0695141381659363e-17,5.684341886080802e-14,False,True,
TBQ_JITTER10_S20260847,1.0,particle_permutation_graph_equivariance,canonical_edge_set,True,0.0,0.0,0.0,True,True,
TBQ_JITTER10_S20260847,1.0,particle_permutation_equivariance,density_rate,False,5.551115123125783e-16,1.0017642155025613e-16,5.684341886080802e-14,False,True,
TBQ_JITTER10_S20260847,1.0,particle_permutation_equivariance,pressure_gradient_acceleration,False,4.718447854656915e-16,9.267273591088292e-17,5.684341886080802e-14,False,True,
TBQ_JITTER10_S20260847,1.0,particle_permutation_equivariance,viscosity_laplacian_acceleration,False,1.3183898417423734e-16,2.4629992962104892e-17,5.684341886080802e-14,False,True,
TBQ_JITTER10_S20260847,1.0,periodic_translation_graph_invariance,canonical_edge_set,True,0.0,0.0,0.0,True,True,
TBQ_JITTER10_S20260847,1.0,periodic_translation_invariance,density_rate,False,9.992007221626409e-16,1.9623415046400528e-16,5.684341886080802e-14,False,True,
TBQ_JITTER10_S20260847,1.0,periodic_translation_invariance,pressure_gradient_acceleration,False,6.800116025829084e-16,1.2956554124159103e-16,5.684341886080802e-14,False,True,
TBQ_JITTER10_S20260847,1.0,periodic_translation_invariance,viscosity_laplacian_acceleration,False,5.689893001203927e-16,7.950006563217506e-17,5.684341886080802e-14,False,True,
TBQ_JITTER10_S20260847,1.0,galilean_invariance,density_rate,False,4.440892098500626e-16,1.3611784899780842e-16,5.684341886080802e-14,False,True,
TBQ_JITTER10_S20260847,1.0,galilean_invariance,pressure_gradient_acceleration,True,0.0,0.0,5.684341886080802e-14,False,True,
TBQ_JITTER10_S20260847,1.0,galilean_invariance,viscosity_laplacian_acceleration,False,4.440892098500626e-16,1.886683710242503e-16,5.684341886080802e-14,False,True,
TBQ_JITTER10_S20260847,1.0,uniform_velocity_identity,density_rate,True,0.0,0.0,0.0,True,True,
TBQ_JITTER10_S20260847,1.0,uniform_velocity_identity,viscosity_laplacian_acceleration,True,0.0,0.0,0.0,True,True,
TBQ_JITTER10_S20260847,1.0,pressure_pair_force_reciprocity,pressure,,,,5.684341886080802e-14,,True,0.0
TBQ_JITTER10_S20260847,1.0,pressure_global_internal_force_closure,pressure,,,,5.684341886080802e-14,,True,2.1477770589151368e-18
TBQ_JITTER10_S20260847,1.0,viscosity_gamma_symmetry,viscosity,,,,5.684341886080802e-14,,True,0.0
TBQ_JITTER10_S20260847,1.0,viscosity_pair_force_reciprocity,viscosity,,,,5.684341886080802e-14,,True,0.0
TBQ_JITTER10_S20260847,1.0,viscosity_global_internal_force_closure,viscosity,,,,5.684341886080802e-14,,True,2.760189276518748e-18
TBQ_JITTER10_S20260847,1.0,viscosity_gamma_nonnegative,viscosity,,,,0.0,,True,3.066616531027037e-20
TBQ_JITTER10_S20260847,1.0,viscosity_accumulated_power_nonpositive,viscosity,,,,5.684341886080802e-14,,True,-0.01037770604889431
TBQ_JITTER10_S20260847,1.0,viscosity_pair_power_nonpositive,viscosity,,,,5.684341886080802e-14,,True,-0.010377706048894307
TBQ_JITTER10_S20260847,1.0,viscosity_power_identity,viscosity,,,,5.684341886080802e-14,,True,1.734723475976807e-18
TBQ_JITTER10_S20260847,1.0,total_acceleration_component_closure,total_acceleration,True,0.0,0.0,5.684341886080802e-14,True,True,
TBQ_JITTER10_S20260847,1.25,graph_repeatability,graph_and_support_metadata,True,0.0,0.0,0.0,True,True,
TBQ_JITTER10_S20260847,1.25,operator_repeatability,density_rate,True,0.0,0.0,5.684341886080802e-14,True,True,
TBQ_JITTER10_S20260847,1.25,directed_edge_reorder_invariance,density_rate,False,2.220446049250313e-16,6.586637013766689e-17,5.684341886080802e-14,False,True,
TBQ_JITTER10_S20260847,1.25,operator_repeatability,pressure_gradient_acceleration,True,0.0,0.0,5.684341886080802e-14,True,True,
TBQ_JITTER10_S20260847,1.25,directed_edge_reorder_invariance,pressure_gradient_acceleration,False,4.996003610813204e-16,5.0786175539729615e-17,5.684341886080802e-14,False,True,
TBQ_JITTER10_S20260847,1.25,operator_repeatability,viscosity_laplacian_acceleration,True,0.0,0.0,5.684341886080802e-14,True,True,
TBQ_JITTER10_S20260847,1.25,directed_edge_reorder_invariance,viscosity_laplacian_acceleration,False,4.5102810375396984e-17,1.0557332634050515e-17,5.684341886080802e-14,False,True,
TBQ_JITTER10_S20260847,1.25,particle_permutation_graph_equivariance,canonical_edge_set,True,0.0,0.0,0.0,True,True,
TBQ_JITTER10_S20260847,1.25,particle_permutation_equivariance,density_rate,False,5.551115123125783e-16,8.377377922766346e-17,5.684341886080802e-14,False,True,
TBQ_JITTER10_S20260847,1.25,particle_permutation_equivariance,pressure_gradient_acceleration,False,3.885780586188048e-16,6.681142680045105e-17,5.684341886080802e-14,False,True,
TBQ_JITTER10_S20260847,1.25,particle_permutation_equivariance,viscosity_laplacian_acceleration,False,7.632783294297951e-17,1.6593739929275385e-17,5.684341886080802e-14,False,True,
TBQ_JITTER10_S20260847,1.25,periodic_translation_graph_invariance,canonical_edge_set,True,0.0,0.0,0.0,True,True,
TBQ_JITTER10_S20260847,1.25,periodic_translation_invariance,density_rate,False,8.326672684688674e-16,1.5932714801082773e-16,5.684341886080802e-14,False,True,
TBQ_JITTER10_S20260847,1.25,periodic_translation_invariance,pressure_gradient_acceleration,False,4.440892098500626e-16,7.828906278555463e-17,5.684341886080802e-14,False,True,
TBQ_JITTER10_S20260847,1.25,periodic_translation_invariance,viscosity_laplacian_acceleration,False,3.2612801348363973e-16,4.4827659108501304e-17,5.684341886080802e-14,False,True,
TBQ_JITTER10_S20260847,1.25,galilean_invariance,density_rate,False,2.7755575615628914e-16,9.141103917434269e-17,5.684341886080802e-14,False,True,
TBQ_JITTER10_S20260847,1.25,galilean_invariance,pressure_gradient_acceleration,True,0.0,0.0,5.684341886080802e-14,False,True,
TBQ_JITTER10_S20260847,1.25,galilean_invariance,viscosity_laplacian_acceleration,False,2.8449465006019636e-16,1.2801208128643517e-16,5.684341886080802e-14,False,True,
TBQ_JITTER10_S20260847,1.25,uniform_velocity_identity,density_rate,True,0.0,0.0,0.0,True,True,
TBQ_JITTER10_S20260847,1.25,uniform_velocity_identity,viscosity_laplacian_acceleration,True,0.0,0.0,0.0,True,True,
TBQ_JITTER10_S20260847,1.25,pressure_pair_force_reciprocity,pressure,,,,5.684341886080802e-14,,True,0.0
TBQ_JITTER10_S20260847,1.25,pressure_global_internal_force_closure,pressure,,,,5.684341886080802e-14,,True,3.650539040085798e-18
TBQ_JITTER10_S20260847,1.25,viscosity_gamma_symmetry,viscosity,,,,5.684341886080802e-14,,True,0.0
TBQ_JITTER10_S20260847,1.25,viscosity_pair_force_reciprocity,viscosity,,,,5.684341886080802e-14,,True,0.0
TBQ_JITTER10_S20260847,1.25,viscosity_global_internal_force_closure,viscosity,,,,5.684341886080802e-14,,True,6.048280063259934e-18
TBQ_JITTER10_S20260847,1.25,viscosity_gamma_nonnegative,viscosity,,,,0.0,,True,2.87687137474538e-26
TBQ_JITTER10_S20260847,1.25,viscosity_accumulated_power_nonpositive,viscosity,,,,5.684341886080802e-14,,True,-0.009764646103798048
TBQ_JITTER10_S20260847,1.25,viscosity_pair_power_nonpositive,viscosity,,,,5.684341886080802e-14,,True,-0.009764646103798052
TBQ_JITTER10_S20260847,1.25,viscosity_power_identity,viscosity,,,,5.684341886080802e-14,,True,3.469446951953614e-18
TBQ_JITTER10_S20260847,1.25,total_acceleration_component_closure,total_acceleration,True,0.0,0.0,5.684341886080802e-14,True,True,
TBQ_JITTER10_S20260847,1.5,graph_repeatability,graph_and_support_metadata,True,0.0,0.0,0.0,True,True,
TBQ_JITTER10_S20260847,1.5,operator_repeatability,density_rate,True,0.0,0.0,5.684341886080802e-14,True,True,
TBQ_JITTER10_S20260847,1.5,directed_edge_reorder_invariance,density_rate,False,2.7755575615628914e-16,6.454046275581842e-17,5.684341886080802e-14,False,True,
TBQ_JITTER10_S20260847,1.5,operator_repeatability,pressure_gradient_acceleration,True,0.0,0.0,5.684341886080802e-14,True,True,
TBQ_JITTER10_S20260847,1.5,directed_edge_reorder_invariance,pressure_gradient_acceleration,False,2.1510571102112408e-16,4.2214518453750953e-17,5.684341886080802e-14,False,True,
TBQ_JITTER10_S20260847,1.5,operator_repeatability,viscosity_laplacian_acceleration,True,0.0,0.0,5.684341886080802e-14,True,True,
TBQ_JITTER10_S20260847,1.5,directed_edge_reorder_invariance,viscosity_laplacian_acceleration,False,5.551115123125783e-17,1.0215277714510754e-17,5.684341886080802e-14,False,True,
TBQ_JITTER10_S20260847,1.5,particle_permutation_graph_equivariance,canonical_edge_set,True,0.0,0.0,0.0,True,True,
TBQ_JITTER10_S20260847,1.5,particle_permutation_equivariance,density_rate,False,3.3306690738754696e-16,7.445023335583768e-17,5.684341886080802e-14,False,True,
TBQ_JITTER10_S20260847,1.5,particle_permutation_equivariance,pressure_gradient_acceleration,False,2.498001805406602e-16,5.0283126002886596e-17,5.684341886080802e-14,False,True,
TBQ_JITTER10_S20260847,1.5,particle_permutation_equivariance,viscosity_laplacian_acceleration,False,6.938893903907228e-17,1.289564560617815e-17,5.684341886080802e-14,False,True,
TBQ_JITTER10_S20260847,1.5,periodic_translation_graph_invariance,canonical_edge_set,True,0.0,0.0,0.0,True,True,
TBQ_JITTER10_S20260847,1.5,periodic_translation_invariance,density_rate,False,7.494005416219807e-16,1.277918684164311e-16,5.684341886080802e-14,False,True,
TBQ_JITTER10_S20260847,1.5,periodic_translation_invariance,pressure_gradient_acceleration,False,2.7755575615628914e-16,5.518617689846356e-17,5.684341886080802e-14,False,True,
TBQ_JITTER10_S20260847,1.5,periodic_translation_invariance,viscosity_laplacian_acceleration,False,1.8388068845354155e-16,2.7014761544194664e-17,5.684341886080802e-14,False,True,
TBQ_JITTER10_S20260847,1.5,galilean_invariance,density_rate,False,2.220446049250313e-16,6.931631972693282e-17,5.684341886080802e-14,False,True,
TBQ_JITTER10_S20260847,1.5,galilean_invariance,pressure_gradient_acceleration,True,0.0,0.0,5.684341886080802e-14,False,True,
TBQ_JITTER10_S20260847,1.5,galilean_invariance,viscosity_laplacian_acceleration,False,1.9949319973733282e-16,9.220124907089836e-17,5.684341886080802e-14,False,True,
TBQ_JITTER10_S20260847,1.5,uniform_velocity_identity,density_rate,True,0.0,0.0,0.0,True,True,
TBQ_JITTER10_S20260847,1.5,uniform_velocity_identity,viscosity_laplacian_acceleration,True,0.0,0.0,0.0,True,True,
TBQ_JITTER10_S20260847,1.5,pressure_pair_force_reciprocity,pressure,,,,5.684341886080802e-14,,True,0.0
TBQ_JITTER10_S20260847,1.5,pressure_global_internal_force_closure,pressure,,,,5.684341886080802e-14,,True,3.987761966727566e-18
TBQ_JITTER10_S20260847,1.5,viscosity_gamma_symmetry,viscosity,,,,5.684341886080802e-14,,True,0.0
TBQ_JITTER10_S20260847,1.5,viscosity_pair_force_reciprocity,viscosity,,,,5.684341886080802e-14,,True,0.0
TBQ_JITTER10_S20260847,1.5,viscosity_global_internal_force_closure,viscosity,,,,5.684341886080802e-14,,True,4.3630034271210464e-18
TBQ_JITTER10_S20260847,1.5,viscosity_gamma_nonnegative,viscosity,,,,0.0,,True,1.2322963200047295e-31
TBQ_JITTER10_S20260847,1.5,viscosity_accumulated_power_nonpositive,viscosity,,,,5.684341886080802e-14,,True,-0.009061935637820064
TBQ_JITTER10_S20260847,1.5,viscosity_pair_power_nonpositive,viscosity,,,,5.684341886080802e-14,,True,-0.009061935637820064
TBQ_JITTER10_S20260847,1.5,viscosity_power_identity,viscosity,,,,5.684341886080802e-14,,True,0.0
TBQ_JITTER10_S20260847,1.5,total_acceleration_component_closure,total_acceleration,True,0.0,0.0,5.684341886080802e-14,True,True,
