case_id,lambda,component,direct_scale_rms,baseline_rms,baseline_difference_rms,log_scale_divided_difference_rms,repeat_rms_lambda,repeat_rms_base,edge_reorder_rms_lambda,edge_reorder_rms_base,dtype_scaled_floor,numerical_repeat_uncertainty_U,scale_response_resolvability_ratio_R,ratio_gate,ratio_gate_passed,S_0.75_1.25_rms,S_1.00_1.50_rms,C_0.75_1.00_1.25_rms,C_1.00_1.25_1.50_rms,all_response_values_finite
TBQ_REGULAR_S20260812,0.75,density_rate,0.32766852314462025,0.29848562898813497,0.029237662125161386,0.10163185309387669,0.0,0.0,4.2169007112948635e-17,5.417212414718637e-17,5.684341886080802e-14,5.684341886080802e-14,514354391609.6144,100.0,True,0.12916170850638714,0.18800351769397713,0.24726720171179978,0.2565939568228551,True
TBQ_REGULAR_S20260812,1.25,density_rate,0.26176628344989594,0.29848562898813497,0.03674786128242107,0.16468260483439287,0.0,0.0,5.303057831165493e-17,5.417212414718637e-17,5.684341886080802e-14,5.684341886080802e-14,646475212414.743,100.0,True,0.12916170850638714,0.18800351769397713,0.24726720171179978,0.2565939568228551,True
TBQ_REGULAR_S20260812,1.5,density_rate,0.22229410970303942,0.29848562898813497,0.07622886662650362,0.18800351769397713,0.0,0.0,5.856297736590162e-17,5.417212414718637e-17,5.684341886080802e-14,5.684341886080802e-14,1341032403648.4255,100.0,True,0.12916170850638714,0.18800351769397713,0.24726720171179978,0.2565939568228551,True
TBQ_REGULAR_S20260812,0.75,pressure_gradient_acceleration,0.15972279797562935,0.14086321513439168,0.02028762104622791,0.0705209778048591,0.0,0.0,4.382454321296269e-17,4.385823750402997e-17,5.684341886080802e-14,5.684341886080802e-14,356903603843.85095,100.0,True,0.08490037652345143,0.11311798286065385,0.1330059736203204,0.11549478501938293,True
TBQ_REGULAR_S20260812,1.25,pressure_gradient_acceleration,0.11915601655686346,0.14086321513439168,0.023124443440256635,0.10363034604434956,0.0,0.0,4.207198066218413e-17,4.385823750402997e-17,5.684341886080802e-14,5.684341886080802e-14,406809511174.5699,100.0,True,0.08490037652345143,0.11311798286065385,0.1330059736203204,0.11549478501938293,True
TBQ_REGULAR_S20260812,1.5,pressure_gradient_acceleration,0.09765970662082431,0.14086321513439168,0.045865395149572497,0.11311798286065385,0.0,0.0,3.94553809624578e-17,4.385823750402997e-17,5.684341886080802e-14,5.684341886080802e-14,806872564471.9346,100.0,True,0.08490037652345143,0.11311798286065385,0.1330059736203204,0.11549478501938293,True
TBQ_REGULAR_S20260812,0.75,viscosity_laplacian_acceleration,0.04457926708390088,0.042758525768897084,0.0018279678393031836,0.006354124967622284,0.0,0.0,1.0103558213949124e-17,1.0081072222375852e-17,5.684341886080802e-14,5.684341886080802e-14,32157950312.230736,100.0,True,0.008640046426846328,0.01359548598022551,0.020532437401099633,0.022049855527444075,True
TBQ_REGULAR_S20260812,1.25,viscosity_laplacian_acceleration,0.04017671543503945,0.042758525768897084,0.0025862289727803627,0.011589978547660014,0.0,0.0,9.964408484553349e-18,1.0081072222375852e-17,5.684341886080802e-14,5.684341886080802e-14,45497421242.61102,100.0,True,0.008640046426846328,0.01359548598022551,0.020532437401099633,0.022049855527444075,True
TBQ_REGULAR_S20260812,1.5,viscosity_laplacian_acceleration,0.03725276215750451,0.042758525768897084,0.0055124951927551695,0.01359548598022551,0.0,0.0,9.249758364324532e-18,1.0081072222375852e-17,5.684341886080802e-14,5.684341886080802e-14,96976840999.89778,100.0,True,0.008640046426846328,0.01359548598022551,0.020532437401099633,0.022049855527444075,True
TBQ_JITTER05_S20260829,0.75,density_rate,0.32745246653601334,0.29849009104079244,0.029335840553624048,0.10197312715251348,0.0,0.0,5.756005179027352e-17,5.697729706338844e-17,5.684341886080802e-14,5.684341886080802e-14,516081564788.6779,100.0,True,0.1289400878281291,0.18772412770545652,0.253822035576537,0.25999593775677055,True
TBQ_JITTER05_S20260829,1.25,density_rate,0.26188466090953444,0.29849009104079244,0.03668014668631904,0.16437914728115763,0.0,0.0,6.858071780492982e-17,5.697729706338844e-17,5.684341886080802e-14,5.684341886080802e-14,645283964642.1936,100.0,True,0.1289400878281291,0.18772412770545652,0.253822035576537,0.25999593775677055,True
TBQ_JITTER05_S20260829,1.5,density_rate,0.22245276726518154,0.29849009104079244,0.07611558373460378,0.18772412770545652,0.0,0.0,5.817613288291155e-17,5.697729706338844e-17,5.684341886080802e-14,5.684341886080802e-14,1339039509938.474,100.0,True,0.1289400878281291,0.18772412770545652,0.253822035576537,0.25999593775677055,True
TBQ_JITTER05_S20260829,0.75,pressure_gradient_acceleration,0.16009624315501833,0.14078953342843262,0.022868686030176128,0.07949291325412433,0.0,0.0,5.452586042267989e-17,4.7092015548034766e-17,5.684341886080802e-14,5.684341886080802e-14,402310179234.1956,100.0,True,0.08848709421560226,0.1131653222883744,0.16929470665350277,0.12363577506496137,True
TBQ_JITTER05_S20260829,1.25,pressure_gradient_acceleration,0.11910811148259931,0.14078953342843262,0.02322273881614844,0.10407084891935041,0.0,0.0,4.688424681987763e-17,4.7092015548034766e-17,5.684341886080802e-14,5.684341886080802e-14,408538741714.56433,100.0,True,0.08848709421560226,0.1131653222883744,0.16929470665350277,0.12363577506496137,True
TBQ_JITTER05_S20260829,1.5,pressure_gradient_acceleration,0.09764315677360517,0.14078953342843262,0.045884589635751,0.1131653222883744,0.0,0.0,4.1856655952238715e-17,4.7092015548034766e-17,5.684341886080802e-14,5.684341886080802e-14,807210237443.8137,100.0,True,0.08848709421560226,0.1131653222883744,0.16929470665350277,0.12363577506496137,True
TBQ_JITTER05_S20260829,0.75,viscosity_laplacian_acceleration,0.04456793565763002,0.04269979616267652,0.0027645717792473823,0.009609815987788947,0.0,0.0,1.0424126442037231e-17,1.1434628390607011e-17,5.684341886080802e-14,5.684341886080802e-14,48634861073.66211,100.0,True,0.01004182404450965,0.013697095283721306,0.028410506980232255,0.0237415437578686,True
TBQ_JITTER05_S20260829,1.25,viscosity_laplacian_acceleration,0.040133099155193926,0.04269979616267652,0.0026537888096215224,0.011892742559630177,0.0,0.0,1.1427458609619983e-17,1.1434628390607011e-17,5.684341886080802e-14,5.684341886080802e-14,46685946461.451096,100.0,True,0.01004182404450965,0.013697095283721306,0.028410506980232255,0.0237415437578686,True
TBQ_JITTER05_S20260829,1.5,viscosity_laplacian_acceleration,0.037227229217320655,0.04269979616267652,0.005553694219981888,0.013697095283721306,0.0,0.0,1.0217770641050607e-17,1.1434628390607011e-17,5.684341886080802e-14,5.684341886080802e-14,97701621951.71918,100.0,True,0.01004182404450965,0.013697095283721306,0.028410506980232255,0.0237415437578686,True
TBQ_JITTER10_S20260847,0.75,density_rate,0.32554981374946707,0.29715987637713703,0.02967283586344501,0.1031445428995877,0.0,0.0,5.284837346482317e-17,5.942324744439761e-17,5.684341886080802e-14,5.684341886080802e-14,522010048975.1439,100.0,True,0.1283560901456716,0.18645313205123026,0.2699860751346997,0.266274642974468,True
TBQ_JITTER10_S20260847,1.25,density_rate,0.2609414840998822,0.29715987637713703,0.03644680515465329,0.16333344584685006,0.0,0.0,6.586637013766689e-17,5.942324744439761e-17,5.684341886080802e-14,5.684341886080802e-14,641178977005.2407,100.0,True,0.1283560901456716,0.18645313205123026,0.2699860751346997,0.266274642974468,True
TBQ_JITTER10_S20260847,1.5,density_rate,0.2217838950257049,0.29715987637713703,0.07560023934425793,0.18645313205123026,0.0,0.0,6.454046275581842e-17,5.942324744439761e-17,5.684341886080802e-14,5.684341886080802e-14,1329973475546.5637,100.0,True,0.1283560901456716,0.18645313205123026,0.2699860751346997,0.266274642974468,True
TBQ_JITTER10_S20260847,0.75,pressure_gradient_acceleration,0.1613078684319234,0.1409122000144335,0.02818703863201159,0.09797982332297084,0.0,0.0,4.835336404994854e-17,4.853307170907963e-17,5.684341886080802e-14,5.684341886080802e-14,495871627655.48895,100.0,True,0.09705073614241042,0.11381821927669117,0.23371329192753582,0.14393282468679566,True
TBQ_JITTER10_S20260847,1.25,pressure_gradient_acceleration,0.11922146847342856,0.1409122000144335,0.02360684025911445,0.1057921688531053,0.0,0.0,5.0786175539729615e-17,4.853307170907963e-17,5.684341886080802e-14,5.684341886080802e-14,415295925759.151,100.0,True,0.09705073614241042,0.11381821927669117,0.23371329192753582,0.14393282468679566,True
TBQ_JITTER10_S20260847,1.5,pressure_gradient_acceleration,0.09778256828895664,0.1409122000144335,0.04614931658370234,0.11381821927669117,0.0,0.0,4.2214518453750953e-17,4.853307170907963e-17,5.684341886080802e-14,5.684341886080802e-14,811867363163.1442,100.0,True,0.09705073614241042,0.11381821927669117,0.23371329192753582,0.14393282468679566,True
TBQ_JITTER10_S20260847,0.75,viscosity_laplacian_acceleration,0.04474897560036017,0.04269567544246721,0.004417171299806559,0.015354350245606397,0.0,0.0,1.132015839331777e-17,1.0695141381659363e-17,5.684341886080802e-14,5.684341886080802e-14,77707699296.25183,100.0,True,0.013258407531378084,0.014150399480363878,0.04245968289992004,0.028179017965494095,True
TBQ_JITTER10_S20260847,1.25,viscosity_laplacian_acceleration,0.04012349055707512,0.04269567544246721,0.002863753284265263,0.0128336815803061,0.0,0.0,1.0557332634050515e-17,1.0695141381659363e-17,5.684341886080802e-14,5.684341886080802e-14,50379680562.101845,100.0,True,0.013258407531378084,0.014150399480363878,0.04245968289992004,0.028179017965494095,True
TBQ_JITTER10_S20260847,1.5,viscosity_laplacian_acceleration,0.037222183672387665,0.04269567544246721,0.005737493255079453,0.014150399480363878,0.0,0.0,1.0215277714510754e-17,1.0695141381659363e-17,5.684341886080802e-14,5.684341886080802e-14,100935048771.93968,100.0,True,0.013258407531378084,0.014150399480363878,0.04245968289992004,0.028179017965494095,True
